USE medical_db;

SET FOREIGN_KEY_CHECKS = 0;

-- HOSPITALS
INSERT INTO Hospitals (hospital_id, name, city, state, phone) VALUES ('3eb11e1e-40a3-44de-935c-3ba89198dcaa', 'Apollo Hospitals', 'Mumbai', 'Maharashtra', '+91-22-26260101');
INSERT INTO Hospitals (hospital_id, name, city, state, phone) VALUES ('a065527b-f8fa-49f5-a441-9a83e96e05ea', 'AIIMS Delhi', 'New Delhi', 'Delhi', '+91-11-26588500');
INSERT INTO Hospitals (hospital_id, name, city, state, phone) VALUES ('49afe674-4d18-4574-97e6-bdab38a1e4e3', 'Fortis Healthcare', 'Bangalore', 'Karnataka', '+91-80-66214444');
INSERT INTO Hospitals (hospital_id, name, city, state, phone) VALUES ('332321cf-3201-4380-b90e-91cc0dd7ec80', 'Manipal Hospital', 'Chennai', 'Tamil Nadu', '+91-44-27836000');
INSERT INTO Hospitals (hospital_id, name, city, state, phone) VALUES ('3071bb33-b79b-4158-99e2-5df4c84bac8a', 'Kokilaben Hospital', 'Mumbai', 'Maharashtra', '+91-22-42696969');

-- DOCTORS
INSERT INTO Doctors (doctor_id, hospital_id, name, specialization) VALUES ('9c015ddc-1178-4745-9ff5-4be9a6bb3e96', '3eb11e1e-40a3-44de-935c-3ba89198dcaa', 'Dr. Rajesh Sharma', 'Cardiology');
INSERT INTO Doctors (doctor_id, hospital_id, name, specialization) VALUES ('dacf3fb2-5d91-4f3e-9f47-9ce14bab4b70', '3eb11e1e-40a3-44de-935c-3ba89198dcaa', 'Dr. Priya Mehta', 'Nephrology');
INSERT INTO Doctors (doctor_id, hospital_id, name, specialization) VALUES ('eb45867f-756f-41e8-968a-22dbd6998112', 'a065527b-f8fa-49f5-a441-9a83e96e05ea', 'Dr. Anil Kumar', 'Internal Medicine');
INSERT INTO Doctors (doctor_id, hospital_id, name, specialization) VALUES ('c781b877-1ab4-4f1e-a264-f843b6a47cde', 'a065527b-f8fa-49f5-a441-9a83e96e05ea', 'Dr. Sunita Rao', 'Cardiology');
INSERT INTO Doctors (doctor_id, hospital_id, name, specialization) VALUES ('38e4eb8f-4e4d-499a-9aa8-9eda4a9566d9', '49afe674-4d18-4574-97e6-bdab38a1e4e3', 'Dr. Vikram Nair', 'Nephrology');
INSERT INTO Doctors (doctor_id, hospital_id, name, specialization) VALUES ('341e7990-7459-45df-bdd5-837ec5665e4a', '49afe674-4d18-4574-97e6-bdab38a1e4e3', 'Dr. Kavitha Reddy', 'General Medicine');
INSERT INTO Doctors (doctor_id, hospital_id, name, specialization) VALUES ('17065caf-709f-4395-b9ac-5ba06e1c2449', '332321cf-3201-4380-b90e-91cc0dd7ec80', 'Dr. Mohan Das', 'Cardiology');
INSERT INTO Doctors (doctor_id, hospital_id, name, specialization) VALUES ('17ca721c-cc2a-4a7e-b7d0-4c7a24c3991b', '332321cf-3201-4380-b90e-91cc0dd7ec80', 'Dr. Lakshmi Iyer', 'Nephrology');
INSERT INTO Doctors (doctor_id, hospital_id, name, specialization) VALUES ('5d5fc9c1-6340-4b48-b5fe-ed7e7e314bc6', '3071bb33-b79b-4158-99e2-5df4c84bac8a', 'Dr. Suresh Patil', 'Internal Medicine');
INSERT INTO Doctors (doctor_id, hospital_id, name, specialization) VALUES ('78d97449-2365-491e-9ddb-b247f393a902', '3071bb33-b79b-4158-99e2-5df4c84bac8a', 'Dr. Neha Joshi', 'Cardiology');

-- PATIENTS
INSERT INTO Patients (patient_id, name, age, gender, blood_group, phone, email) VALUES ('972dfdf5-0d52-4b3c-81ac-29bc82f21b94', 'Advik Sharma', 63, 'Male', 'A+', '+91-9881513934', 'advik.sharma@email.com');
INSERT INTO Patients (patient_id, name, age, gender, blood_group, phone, email) VALUES ('4a571b4b-7ef1-4d80-b58b-09f1fb9fa234', 'Priya Patel', 37, 'Female', 'B+', '+91-9862391373', 'priya.patel@email.com');
INSERT INTO Patients (patient_id, name, age, gender, blood_group, phone, email) VALUES ('6cd76da7-f8b3-4e6f-a3b1-8a92320fb88b', 'Rohit Kumar', 41, 'Male', 'O+', '+91-9841838308', 'rohit.kumar@email.com');
INSERT INTO Patients (patient_id, name, age, gender, blood_group, phone, email) VALUES ('b79a2fed-bd55-4f0c-a139-30a267738ea6', 'Sneha Iyer', 56, 'Female', 'AB+', '+91-9838922454', 'sneha.iyer@email.com');
INSERT INTO Patients (patient_id, name, age, gender, blood_group, phone, email) VALUES ('bbba3c8e-f4fe-435a-87a8-131467ecf074', 'Arjun Nair', 57, 'Male', 'A-', '+91-9842181855', 'arjun.nair@email.com');
INSERT INTO Patients (patient_id, name, age, gender, blood_group, phone, email) VALUES ('ff1e6f8b-22ab-4e6c-8683-fb337e45e692', 'Divya Menon', 57, 'Female', 'B-', '+91-9825737027', 'divya.menon@email.com');
INSERT INTO Patients (patient_id, name, age, gender, blood_group, phone, email) VALUES ('b746a18f-96f4-4add-8a2b-f05a8dae0de5', 'Karan Singh', 56, 'Male', 'O-', '+91-9870457896', 'karan.singh@email.com');
INSERT INTO Patients (patient_id, name, age, gender, blood_group, phone, email) VALUES ('d29f997d-f444-4189-986a-5b466dd31bf6', 'Ananya Rao', 44, 'Female', 'AB-', '+91-9829596455', 'ananya.rao@email.com');
INSERT INTO Patients (patient_id, name, age, gender, blood_group, phone, email) VALUES ('a5678c4c-06e3-4861-a3e9-77ae3b1f1ceb', 'Vikram Joshi', 52, 'Male', 'A+', '+91-9882037939', 'vikram.joshi@email.com');
INSERT INTO Patients (patient_id, name, age, gender, blood_group, phone, email) VALUES ('4c9b87de-155a-4d1c-98cd-43b48e702c0b', 'Meera Reddy', 57, 'Female', 'B+', '+91-9813242771', 'meera.reddy@email.com');
INSERT INTO Patients (patient_id, name, age, gender, blood_group, phone, email) VALUES ('94edcc93-81bd-44eb-b639-b4dc4c18985f', 'Suresh Pillai', 54, 'Male', 'O+', '+91-9820718987', 'suresh.pillai@email.com');
INSERT INTO Patients (patient_id, name, age, gender, blood_group, phone, email) VALUES ('8033e9b9-2168-4e7e-bb2d-29c4c8917758', 'Lakshmi Desai', 48, 'Female', 'AB+', '+91-9867424222', 'lakshmi.desai@email.com');
INSERT INTO Patients (patient_id, name, age, gender, blood_group, phone, email) VALUES ('ff601e67-bafc-440c-8c73-7c8915c191ba', 'Arun Gupta', 49, 'Male', 'A-', '+91-9827191931', 'arun.gupta@email.com');
INSERT INTO Patients (patient_id, name, age, gender, blood_group, phone, email) VALUES ('4bef37f2-0b3f-47ae-90fc-b56a6e0a00a8', 'Pooja Verma', 64, 'Female', 'B+', '+91-9820829644', 'pooja.verma@email.com');
INSERT INTO Patients (patient_id, name, age, gender, blood_group, phone, email) VALUES ('5d841636-d7bd-4b7e-8c41-37f60f40829e', 'Nikhil Shah', 58, 'Male', 'O+', '+91-9845695792', 'nikhil.shah@email.com');
INSERT INTO Patients (patient_id, name, age, gender, blood_group, phone, email) VALUES ('42d3bb78-c95e-4d9c-9733-5fc36464fb9c', 'Kavya Nambiar', 50, 'Female', 'A+', '+91-9880996614', 'kavya.nambiar@email.com');
INSERT INTO Patients (patient_id, name, age, gender, blood_group, phone, email) VALUES ('7bfcaaf7-11ee-48ac-a200-36ad00917e94', 'Rahul Bose', 58, 'Male', 'B+', '+91-9879895177', 'rahul.bose@email.com');
INSERT INTO Patients (patient_id, name, age, gender, blood_group, phone, email) VALUES ('acc49050-5202-4658-8eca-ff1c3dea614d', 'Shreya Das', 66, 'Female', 'O+', '+91-9825344265', 'shreya.das@email.com');
INSERT INTO Patients (patient_id, name, age, gender, blood_group, phone, email) VALUES ('7ceaa361-a0fb-4a53-817b-72997764d716', 'Manish Tiwari', 43, 'Male', 'AB+', '+91-9888786488', 'manish.tiwari@email.com');
INSERT INTO Patients (patient_id, name, age, gender, blood_group, phone, email) VALUES ('bb3c2c46-bc7e-4f46-be52-aeea4828421b', 'Anjali Mishra', 69, 'Female', 'A+', '+91-9891903877', 'anjali.mishra@email.com');
INSERT INTO Patients (patient_id, name, age, gender, blood_group, phone, email) VALUES ('656489c7-760f-48c7-a969-4c582503a82f', 'Deepak Hegde', 59, 'Male', 'B-', '+91-9837399755', 'deepak.hegde@email.com');
INSERT INTO Patients (patient_id, name, age, gender, blood_group, phone, email) VALUES ('ac646555-29b8-4022-85ad-fdf6504cae91', 'Swati Bhatt', 44, 'Female', 'O+', '+91-9863990366', 'swati.bhatt@email.com');
INSERT INTO Patients (patient_id, name, age, gender, blood_group, phone, email) VALUES ('9bd2a431-28bb-473d-b9e5-009d606b81df', 'Sanjay Kulkarni', 42, 'Male', 'A+', '+91-9825453694', 'sanjay.kulkarni@email.com');
INSERT INTO Patients (patient_id, name, age, gender, blood_group, phone, email) VALUES ('dafe744a-553b-42e8-b8b5-50d1cc6fd5cc', 'Ritu Agarwal', 61, 'Female', 'B+', '+91-9893213583', 'ritu.agarwal@email.com');
INSERT INTO Patients (patient_id, name, age, gender, blood_group, phone, email) VALUES ('b006e91c-67ff-49a3-8bdb-cd669e7332cc', 'Harish Chandra', 40, 'Male', 'O-', '+91-9864185250', 'harish.chandra@email.com');
INSERT INTO Patients (patient_id, name, age, gender, blood_group, phone, email) VALUES ('36fa558c-6ef8-40ef-b212-39fd71b33391', 'Nandita Srinivas', 71, 'Female', 'AB+', '+91-9834017891', 'nandita.srinivas@email.com');
INSERT INTO Patients (patient_id, name, age, gender, blood_group, phone, email) VALUES ('254aa817-06c1-49a6-a955-0e0fd4a1bdb6', 'Gopal Krishnan', 59, 'Male', 'A+', '+91-9842578111', 'gopal.krishnan@email.com');
INSERT INTO Patients (patient_id, name, age, gender, blood_group, phone, email) VALUES ('64a6f1c8-5200-454a-a835-3bdabb6cdfca', 'Sunita Pandey', 51, 'Female', 'B+', '+91-9869494554', 'sunita.pandey@email.com');
INSERT INTO Patients (patient_id, name, age, gender, blood_group, phone, email) VALUES ('9192bec5-25e6-4e74-b4aa-4d975fb0958b', 'Varun Malhotra', 65, 'Male', 'O+', '+91-9837288021', 'varun.malhotra@email.com');
INSERT INTO Patients (patient_id, name, age, gender, blood_group, phone, email) VALUES ('ca6af871-a9a6-49e2-bebc-85fe7d86a668', 'Ishaan Kapoor', 53, 'Male', 'A+', '+91-9817303558', 'ishaan.kapoor@email.com');

-- DISEASES
INSERT INTO Diseases (disease_id, name, category, description) VALUES ('1178050d-0e18-4f18-a653-ebc9475d690b', 'Coronary Artery Disease', 'Cardiovascular', 'Narrowing of coronary arteries');
INSERT INTO Diseases (disease_id, name, category, description) VALUES ('b10617cd-773b-4dde-a974-bec694b1735c', 'Hypertension', 'Cardiovascular', 'High blood pressure');
INSERT INTO Diseases (disease_id, name, category, description) VALUES ('673437ec-0c48-469e-bd00-7683381c7606', 'Chronic Kidney Disease', 'Renal', 'Long-term kidney damage');
INSERT INTO Diseases (disease_id, name, category, description) VALUES ('c59506b4-d414-4ce9-9db9-96c50941eed1', 'Type 2 Diabetes', 'Endocrine', 'Insulin resistance and high blood sugar');
INSERT INTO Diseases (disease_id, name, category, description) VALUES ('99faafc7-8e68-4889-8b7e-cbb934528d57', 'Heart Failure', 'Cardiovascular', 'Heart unable to pump sufficiently');
INSERT INTO Diseases (disease_id, name, category, description) VALUES ('33fd779b-ec92-4fd3-900f-503aadf4df9e', 'Anemia', 'Hematological', 'Deficiency of red blood cells');
INSERT INTO Diseases (disease_id, name, category, description) VALUES ('18cf93f1-ed79-4d3a-bff2-85e47eab5e72', 'Cardiovascular Disease', 'Cardiovascular', 'General cardiovascular conditions');
INSERT INTO Diseases (disease_id, name, category, description) VALUES ('11970474-3873-4285-a71f-16db70c6112a', 'Kidney Infection', 'Renal', 'Bacterial infection of the kidneys');

-- SYMPTOMS
INSERT INTO Symptoms (symptom_id, name, description) VALUES ('65615172-7582-4ee0-85c1-41541a3c6fbe', 'Chest Pain', 'Pain or pressure in the chest');
INSERT INTO Symptoms (symptom_id, name, description) VALUES ('47ab8f11-ef4e-47bf-9fbc-3854cd0f40a8', 'Shortness of Breath', 'Difficulty breathing');
INSERT INTO Symptoms (symptom_id, name, description) VALUES ('1b59fdae-6318-455a-8645-e58ce52fbc4d', 'Fatigue', 'Persistent tiredness');
INSERT INTO Symptoms (symptom_id, name, description) VALUES ('1a5da8eb-ddbf-4b09-9217-fe1db8455d84', 'High Blood Pressure', 'Elevated blood pressure readings');
INSERT INTO Symptoms (symptom_id, name, description) VALUES ('cfd3fbfa-c1e5-41c6-bdd4-3cfecbacd5fd', 'Swollen Ankles', 'Fluid retention in lower extremities');
INSERT INTO Symptoms (symptom_id, name, description) VALUES ('0d1692ff-a235-460e-a950-2a9892422d01', 'Frequent Urination', 'Increased need to urinate');
INSERT INTO Symptoms (symptom_id, name, description) VALUES ('3c756943-7432-40f9-b3e3-f96558946382', 'Nausea', 'Feeling of sickness with urge to vomit');
INSERT INTO Symptoms (symptom_id, name, description) VALUES ('a0db5902-5139-420a-ad58-66f694447b77', 'Dizziness', 'Feeling lightheaded or unsteady');
INSERT INTO Symptoms (symptom_id, name, description) VALUES ('f6c0eac4-ae33-46e9-b027-5a478f7e4447', 'Palpitations', 'Rapid or irregular heartbeat');
INSERT INTO Symptoms (symptom_id, name, description) VALUES ('60447f57-06bd-436c-8fbf-f8b6c5bdfe9c', 'Back Pain', 'Pain in the lower or upper back');

-- PATIENT_DISEASES
INSERT INTO Patient_Diseases (patient_id, disease_id, diagnosed_on, severity) VALUES ('972dfdf5-0d52-4b3c-81ac-29bc82f21b94', '1178050d-0e18-4f18-a653-ebc9475d690b', '2024-01-15', 'Mild');
INSERT INTO Patient_Diseases (patient_id, disease_id, diagnosed_on, severity) VALUES ('972dfdf5-0d52-4b3c-81ac-29bc82f21b94', 'b10617cd-773b-4dde-a974-bec694b1735c', '2023-06-10', 'Moderate');
INSERT INTO Patient_Diseases (patient_id, disease_id, diagnosed_on, severity) VALUES ('972dfdf5-0d52-4b3c-81ac-29bc82f21b94', '673437ec-0c48-469e-bd00-7683381c7606', '2023-08-20', 'Severe');
INSERT INTO Patient_Diseases (patient_id, disease_id, diagnosed_on, severity) VALUES ('972dfdf5-0d52-4b3c-81ac-29bc82f21b94', 'c59506b4-d414-4ce9-9db9-96c50941eed1', '2022-11-05', 'Mild');
INSERT INTO Patient_Diseases (patient_id, disease_id, diagnosed_on, severity) VALUES ('4a571b4b-7ef1-4d80-b58b-09f1fb9fa234', '1178050d-0e18-4f18-a653-ebc9475d690b', '2024-01-15', 'Moderate');
INSERT INTO Patient_Diseases (patient_id, disease_id, diagnosed_on, severity) VALUES ('4a571b4b-7ef1-4d80-b58b-09f1fb9fa234', '673437ec-0c48-469e-bd00-7683381c7606', '2023-08-20', 'Mild');
INSERT INTO Patient_Diseases (patient_id, disease_id, diagnosed_on, severity) VALUES ('4a571b4b-7ef1-4d80-b58b-09f1fb9fa234', '18cf93f1-ed79-4d3a-bff2-85e47eab5e72', '2024-02-01', 'Severe');
INSERT INTO Patient_Diseases (patient_id, disease_id, diagnosed_on, severity) VALUES ('6cd76da7-f8b3-4e6f-a3b1-8a92320fb88b', '1178050d-0e18-4f18-a653-ebc9475d690b', '2024-01-15', 'Severe');
INSERT INTO Patient_Diseases (patient_id, disease_id, diagnosed_on, severity) VALUES ('6cd76da7-f8b3-4e6f-a3b1-8a92320fb88b', '673437ec-0c48-469e-bd00-7683381c7606', '2023-08-20', 'Moderate');
INSERT INTO Patient_Diseases (patient_id, disease_id, diagnosed_on, severity) VALUES ('6cd76da7-f8b3-4e6f-a3b1-8a92320fb88b', 'c59506b4-d414-4ce9-9db9-96c50941eed1', '2022-11-05', 'Severe');
INSERT INTO Patient_Diseases (patient_id, disease_id, diagnosed_on, severity) VALUES ('6cd76da7-f8b3-4e6f-a3b1-8a92320fb88b', '18cf93f1-ed79-4d3a-bff2-85e47eab5e72', '2024-02-01', 'Mild');
INSERT INTO Patient_Diseases (patient_id, disease_id, diagnosed_on, severity) VALUES ('b79a2fed-bd55-4f0c-a139-30a267738ea6', '1178050d-0e18-4f18-a653-ebc9475d690b', '2024-01-15', 'Mild');
INSERT INTO Patient_Diseases (patient_id, disease_id, diagnosed_on, severity) VALUES ('b79a2fed-bd55-4f0c-a139-30a267738ea6', 'b10617cd-773b-4dde-a974-bec694b1735c', '2023-06-10', 'Moderate');
INSERT INTO Patient_Diseases (patient_id, disease_id, diagnosed_on, severity) VALUES ('b79a2fed-bd55-4f0c-a139-30a267738ea6', '673437ec-0c48-469e-bd00-7683381c7606', '2023-08-20', 'Severe');
INSERT INTO Patient_Diseases (patient_id, disease_id, diagnosed_on, severity) VALUES ('b79a2fed-bd55-4f0c-a139-30a267738ea6', '18cf93f1-ed79-4d3a-bff2-85e47eab5e72', '2024-02-01', 'Moderate');
INSERT INTO Patient_Diseases (patient_id, disease_id, diagnosed_on, severity) VALUES ('bbba3c8e-f4fe-435a-87a8-131467ecf074', '1178050d-0e18-4f18-a653-ebc9475d690b', '2024-01-15', 'Moderate');
INSERT INTO Patient_Diseases (patient_id, disease_id, diagnosed_on, severity) VALUES ('bbba3c8e-f4fe-435a-87a8-131467ecf074', '673437ec-0c48-469e-bd00-7683381c7606', '2023-08-20', 'Mild');
INSERT INTO Patient_Diseases (patient_id, disease_id, diagnosed_on, severity) VALUES ('ff1e6f8b-22ab-4e6c-8683-fb337e45e692', '1178050d-0e18-4f18-a653-ebc9475d690b', '2024-01-15', 'Severe');
INSERT INTO Patient_Diseases (patient_id, disease_id, diagnosed_on, severity) VALUES ('ff1e6f8b-22ab-4e6c-8683-fb337e45e692', 'b10617cd-773b-4dde-a974-bec694b1735c', '2023-06-10', 'Mild');
INSERT INTO Patient_Diseases (patient_id, disease_id, diagnosed_on, severity) VALUES ('ff1e6f8b-22ab-4e6c-8683-fb337e45e692', '673437ec-0c48-469e-bd00-7683381c7606', '2023-08-20', 'Moderate');
INSERT INTO Patient_Diseases (patient_id, disease_id, diagnosed_on, severity) VALUES ('ff1e6f8b-22ab-4e6c-8683-fb337e45e692', 'c59506b4-d414-4ce9-9db9-96c50941eed1', '2022-11-05', 'Severe');
INSERT INTO Patient_Diseases (patient_id, disease_id, diagnosed_on, severity) VALUES ('b746a18f-96f4-4add-8a2b-f05a8dae0de5', '1178050d-0e18-4f18-a653-ebc9475d690b', '2024-01-15', 'Mild');
INSERT INTO Patient_Diseases (patient_id, disease_id, diagnosed_on, severity) VALUES ('b746a18f-96f4-4add-8a2b-f05a8dae0de5', '673437ec-0c48-469e-bd00-7683381c7606', '2023-08-20', 'Severe');
INSERT INTO Patient_Diseases (patient_id, disease_id, diagnosed_on, severity) VALUES ('d29f997d-f444-4189-986a-5b466dd31bf6', '1178050d-0e18-4f18-a653-ebc9475d690b', '2024-01-15', 'Moderate');
INSERT INTO Patient_Diseases (patient_id, disease_id, diagnosed_on, severity) VALUES ('d29f997d-f444-4189-986a-5b466dd31bf6', '673437ec-0c48-469e-bd00-7683381c7606', '2023-08-20', 'Mild');
INSERT INTO Patient_Diseases (patient_id, disease_id, diagnosed_on, severity) VALUES ('d29f997d-f444-4189-986a-5b466dd31bf6', 'c59506b4-d414-4ce9-9db9-96c50941eed1', '2022-11-05', 'Moderate');
INSERT INTO Patient_Diseases (patient_id, disease_id, diagnosed_on, severity) VALUES ('d29f997d-f444-4189-986a-5b466dd31bf6', '18cf93f1-ed79-4d3a-bff2-85e47eab5e72', '2024-02-01', 'Severe');
INSERT INTO Patient_Diseases (patient_id, disease_id, diagnosed_on, severity) VALUES ('a5678c4c-06e3-4861-a3e9-77ae3b1f1ceb', '1178050d-0e18-4f18-a653-ebc9475d690b', '2024-01-15', 'Severe');
INSERT INTO Patient_Diseases (patient_id, disease_id, diagnosed_on, severity) VALUES ('a5678c4c-06e3-4861-a3e9-77ae3b1f1ceb', 'b10617cd-773b-4dde-a974-bec694b1735c', '2023-06-10', 'Mild');
INSERT INTO Patient_Diseases (patient_id, disease_id, diagnosed_on, severity) VALUES ('a5678c4c-06e3-4861-a3e9-77ae3b1f1ceb', '673437ec-0c48-469e-bd00-7683381c7606', '2023-08-20', 'Moderate');
INSERT INTO Patient_Diseases (patient_id, disease_id, diagnosed_on, severity) VALUES ('a5678c4c-06e3-4861-a3e9-77ae3b1f1ceb', 'c59506b4-d414-4ce9-9db9-96c50941eed1', '2022-11-05', 'Severe');
INSERT INTO Patient_Diseases (patient_id, disease_id, diagnosed_on, severity) VALUES ('4c9b87de-155a-4d1c-98cd-43b48e702c0b', '1178050d-0e18-4f18-a653-ebc9475d690b', '2024-01-15', 'Mild');
INSERT INTO Patient_Diseases (patient_id, disease_id, diagnosed_on, severity) VALUES ('4c9b87de-155a-4d1c-98cd-43b48e702c0b', 'b10617cd-773b-4dde-a974-bec694b1735c', '2023-06-10', 'Moderate');
INSERT INTO Patient_Diseases (patient_id, disease_id, diagnosed_on, severity) VALUES ('4c9b87de-155a-4d1c-98cd-43b48e702c0b', '673437ec-0c48-469e-bd00-7683381c7606', '2023-08-20', 'Severe');
INSERT INTO Patient_Diseases (patient_id, disease_id, diagnosed_on, severity) VALUES ('4c9b87de-155a-4d1c-98cd-43b48e702c0b', 'c59506b4-d414-4ce9-9db9-96c50941eed1', '2022-11-05', 'Mild');
INSERT INTO Patient_Diseases (patient_id, disease_id, diagnosed_on, severity) VALUES ('94edcc93-81bd-44eb-b639-b4dc4c18985f', '1178050d-0e18-4f18-a653-ebc9475d690b', '2024-01-15', 'Moderate');
INSERT INTO Patient_Diseases (patient_id, disease_id, diagnosed_on, severity) VALUES ('94edcc93-81bd-44eb-b639-b4dc4c18985f', 'b10617cd-773b-4dde-a974-bec694b1735c', '2023-06-10', 'Severe');
INSERT INTO Patient_Diseases (patient_id, disease_id, diagnosed_on, severity) VALUES ('94edcc93-81bd-44eb-b639-b4dc4c18985f', '673437ec-0c48-469e-bd00-7683381c7606', '2023-08-20', 'Mild');
INSERT INTO Patient_Diseases (patient_id, disease_id, diagnosed_on, severity) VALUES ('94edcc93-81bd-44eb-b639-b4dc4c18985f', 'c59506b4-d414-4ce9-9db9-96c50941eed1', '2022-11-05', 'Moderate');
INSERT INTO Patient_Diseases (patient_id, disease_id, diagnosed_on, severity) VALUES ('8033e9b9-2168-4e7e-bb2d-29c4c8917758', '1178050d-0e18-4f18-a653-ebc9475d690b', '2024-01-15', 'Severe');
INSERT INTO Patient_Diseases (patient_id, disease_id, diagnosed_on, severity) VALUES ('8033e9b9-2168-4e7e-bb2d-29c4c8917758', 'b10617cd-773b-4dde-a974-bec694b1735c', '2023-06-10', 'Mild');
INSERT INTO Patient_Diseases (patient_id, disease_id, diagnosed_on, severity) VALUES ('8033e9b9-2168-4e7e-bb2d-29c4c8917758', '673437ec-0c48-469e-bd00-7683381c7606', '2023-08-20', 'Moderate');
INSERT INTO Patient_Diseases (patient_id, disease_id, diagnosed_on, severity) VALUES ('8033e9b9-2168-4e7e-bb2d-29c4c8917758', 'c59506b4-d414-4ce9-9db9-96c50941eed1', '2022-11-05', 'Severe');
INSERT INTO Patient_Diseases (patient_id, disease_id, diagnosed_on, severity) VALUES ('ff601e67-bafc-440c-8c73-7c8915c191ba', '1178050d-0e18-4f18-a653-ebc9475d690b', '2024-01-15', 'Mild');
INSERT INTO Patient_Diseases (patient_id, disease_id, diagnosed_on, severity) VALUES ('ff601e67-bafc-440c-8c73-7c8915c191ba', 'b10617cd-773b-4dde-a974-bec694b1735c', '2023-06-10', 'Moderate');
INSERT INTO Patient_Diseases (patient_id, disease_id, diagnosed_on, severity) VALUES ('ff601e67-bafc-440c-8c73-7c8915c191ba', '673437ec-0c48-469e-bd00-7683381c7606', '2023-08-20', 'Severe');
INSERT INTO Patient_Diseases (patient_id, disease_id, diagnosed_on, severity) VALUES ('ff601e67-bafc-440c-8c73-7c8915c191ba', 'c59506b4-d414-4ce9-9db9-96c50941eed1', '2022-11-05', 'Mild');
INSERT INTO Patient_Diseases (patient_id, disease_id, diagnosed_on, severity) VALUES ('4bef37f2-0b3f-47ae-90fc-b56a6e0a00a8', '1178050d-0e18-4f18-a653-ebc9475d690b', '2024-01-15', 'Moderate');
INSERT INTO Patient_Diseases (patient_id, disease_id, diagnosed_on, severity) VALUES ('4bef37f2-0b3f-47ae-90fc-b56a6e0a00a8', 'b10617cd-773b-4dde-a974-bec694b1735c', '2023-06-10', 'Severe');
INSERT INTO Patient_Diseases (patient_id, disease_id, diagnosed_on, severity) VALUES ('4bef37f2-0b3f-47ae-90fc-b56a6e0a00a8', '673437ec-0c48-469e-bd00-7683381c7606', '2023-08-20', 'Mild');
INSERT INTO Patient_Diseases (patient_id, disease_id, diagnosed_on, severity) VALUES ('4bef37f2-0b3f-47ae-90fc-b56a6e0a00a8', 'c59506b4-d414-4ce9-9db9-96c50941eed1', '2022-11-05', 'Moderate');
INSERT INTO Patient_Diseases (patient_id, disease_id, diagnosed_on, severity) VALUES ('5d841636-d7bd-4b7e-8c41-37f60f40829e', '1178050d-0e18-4f18-a653-ebc9475d690b', '2024-01-15', 'Severe');
INSERT INTO Patient_Diseases (patient_id, disease_id, diagnosed_on, severity) VALUES ('5d841636-d7bd-4b7e-8c41-37f60f40829e', 'b10617cd-773b-4dde-a974-bec694b1735c', '2023-06-10', 'Mild');
INSERT INTO Patient_Diseases (patient_id, disease_id, diagnosed_on, severity) VALUES ('5d841636-d7bd-4b7e-8c41-37f60f40829e', '673437ec-0c48-469e-bd00-7683381c7606', '2023-08-20', 'Moderate');
INSERT INTO Patient_Diseases (patient_id, disease_id, diagnosed_on, severity) VALUES ('5d841636-d7bd-4b7e-8c41-37f60f40829e', 'c59506b4-d414-4ce9-9db9-96c50941eed1', '2022-11-05', 'Severe');
INSERT INTO Patient_Diseases (patient_id, disease_id, diagnosed_on, severity) VALUES ('42d3bb78-c95e-4d9c-9733-5fc36464fb9c', '1178050d-0e18-4f18-a653-ebc9475d690b', '2024-01-15', 'Mild');
INSERT INTO Patient_Diseases (patient_id, disease_id, diagnosed_on, severity) VALUES ('42d3bb78-c95e-4d9c-9733-5fc36464fb9c', 'b10617cd-773b-4dde-a974-bec694b1735c', '2023-06-10', 'Moderate');
INSERT INTO Patient_Diseases (patient_id, disease_id, diagnosed_on, severity) VALUES ('42d3bb78-c95e-4d9c-9733-5fc36464fb9c', '673437ec-0c48-469e-bd00-7683381c7606', '2023-08-20', 'Severe');
INSERT INTO Patient_Diseases (patient_id, disease_id, diagnosed_on, severity) VALUES ('42d3bb78-c95e-4d9c-9733-5fc36464fb9c', '18cf93f1-ed79-4d3a-bff2-85e47eab5e72', '2024-02-01', 'Moderate');
INSERT INTO Patient_Diseases (patient_id, disease_id, diagnosed_on, severity) VALUES ('7bfcaaf7-11ee-48ac-a200-36ad00917e94', '1178050d-0e18-4f18-a653-ebc9475d690b', '2024-01-15', 'Moderate');
INSERT INTO Patient_Diseases (patient_id, disease_id, diagnosed_on, severity) VALUES ('7bfcaaf7-11ee-48ac-a200-36ad00917e94', '673437ec-0c48-469e-bd00-7683381c7606', '2023-08-20', 'Mild');
INSERT INTO Patient_Diseases (patient_id, disease_id, diagnosed_on, severity) VALUES ('acc49050-5202-4658-8eca-ff1c3dea614d', '1178050d-0e18-4f18-a653-ebc9475d690b', '2024-01-15', 'Severe');
INSERT INTO Patient_Diseases (patient_id, disease_id, diagnosed_on, severity) VALUES ('acc49050-5202-4658-8eca-ff1c3dea614d', 'b10617cd-773b-4dde-a974-bec694b1735c', '2023-06-10', 'Mild');
INSERT INTO Patient_Diseases (patient_id, disease_id, diagnosed_on, severity) VALUES ('acc49050-5202-4658-8eca-ff1c3dea614d', '673437ec-0c48-469e-bd00-7683381c7606', '2023-08-20', 'Moderate');
INSERT INTO Patient_Diseases (patient_id, disease_id, diagnosed_on, severity) VALUES ('7ceaa361-a0fb-4a53-817b-72997764d716', '1178050d-0e18-4f18-a653-ebc9475d690b', '2024-01-15', 'Mild');
INSERT INTO Patient_Diseases (patient_id, disease_id, diagnosed_on, severity) VALUES ('7ceaa361-a0fb-4a53-817b-72997764d716', 'b10617cd-773b-4dde-a974-bec694b1735c', '2023-06-10', 'Moderate');
INSERT INTO Patient_Diseases (patient_id, disease_id, diagnosed_on, severity) VALUES ('7ceaa361-a0fb-4a53-817b-72997764d716', '673437ec-0c48-469e-bd00-7683381c7606', '2023-08-20', 'Severe');
INSERT INTO Patient_Diseases (patient_id, disease_id, diagnosed_on, severity) VALUES ('7ceaa361-a0fb-4a53-817b-72997764d716', 'c59506b4-d414-4ce9-9db9-96c50941eed1', '2022-11-05', 'Mild');
INSERT INTO Patient_Diseases (patient_id, disease_id, diagnosed_on, severity) VALUES ('bb3c2c46-bc7e-4f46-be52-aeea4828421b', '1178050d-0e18-4f18-a653-ebc9475d690b', '2024-01-15', 'Moderate');
INSERT INTO Patient_Diseases (patient_id, disease_id, diagnosed_on, severity) VALUES ('bb3c2c46-bc7e-4f46-be52-aeea4828421b', 'b10617cd-773b-4dde-a974-bec694b1735c', '2023-06-10', 'Severe');
INSERT INTO Patient_Diseases (patient_id, disease_id, diagnosed_on, severity) VALUES ('bb3c2c46-bc7e-4f46-be52-aeea4828421b', '673437ec-0c48-469e-bd00-7683381c7606', '2023-08-20', 'Mild');
INSERT INTO Patient_Diseases (patient_id, disease_id, diagnosed_on, severity) VALUES ('656489c7-760f-48c7-a969-4c582503a82f', '1178050d-0e18-4f18-a653-ebc9475d690b', '2024-01-15', 'Severe');
INSERT INTO Patient_Diseases (patient_id, disease_id, diagnosed_on, severity) VALUES ('656489c7-760f-48c7-a969-4c582503a82f', 'b10617cd-773b-4dde-a974-bec694b1735c', '2023-06-10', 'Mild');
INSERT INTO Patient_Diseases (patient_id, disease_id, diagnosed_on, severity) VALUES ('656489c7-760f-48c7-a969-4c582503a82f', '673437ec-0c48-469e-bd00-7683381c7606', '2023-08-20', 'Moderate');
INSERT INTO Patient_Diseases (patient_id, disease_id, diagnosed_on, severity) VALUES ('656489c7-760f-48c7-a969-4c582503a82f', 'c59506b4-d414-4ce9-9db9-96c50941eed1', '2022-11-05', 'Severe');
INSERT INTO Patient_Diseases (patient_id, disease_id, diagnosed_on, severity) VALUES ('ac646555-29b8-4022-85ad-fdf6504cae91', '1178050d-0e18-4f18-a653-ebc9475d690b', '2024-01-15', 'Mild');
INSERT INTO Patient_Diseases (patient_id, disease_id, diagnosed_on, severity) VALUES ('ac646555-29b8-4022-85ad-fdf6504cae91', 'b10617cd-773b-4dde-a974-bec694b1735c', '2023-06-10', 'Moderate');
INSERT INTO Patient_Diseases (patient_id, disease_id, diagnosed_on, severity) VALUES ('ac646555-29b8-4022-85ad-fdf6504cae91', '673437ec-0c48-469e-bd00-7683381c7606', '2023-08-20', 'Severe');
INSERT INTO Patient_Diseases (patient_id, disease_id, diagnosed_on, severity) VALUES ('ac646555-29b8-4022-85ad-fdf6504cae91', 'c59506b4-d414-4ce9-9db9-96c50941eed1', '2022-11-05', 'Mild');
INSERT INTO Patient_Diseases (patient_id, disease_id, diagnosed_on, severity) VALUES ('9bd2a431-28bb-473d-b9e5-009d606b81df', '1178050d-0e18-4f18-a653-ebc9475d690b', '2024-01-15', 'Moderate');
INSERT INTO Patient_Diseases (patient_id, disease_id, diagnosed_on, severity) VALUES ('9bd2a431-28bb-473d-b9e5-009d606b81df', 'b10617cd-773b-4dde-a974-bec694b1735c', '2023-06-10', 'Severe');
INSERT INTO Patient_Diseases (patient_id, disease_id, diagnosed_on, severity) VALUES ('9bd2a431-28bb-473d-b9e5-009d606b81df', '673437ec-0c48-469e-bd00-7683381c7606', '2023-08-20', 'Mild');
INSERT INTO Patient_Diseases (patient_id, disease_id, diagnosed_on, severity) VALUES ('9bd2a431-28bb-473d-b9e5-009d606b81df', '18cf93f1-ed79-4d3a-bff2-85e47eab5e72', '2024-02-01', 'Severe');
INSERT INTO Patient_Diseases (patient_id, disease_id, diagnosed_on, severity) VALUES ('dafe744a-553b-42e8-b8b5-50d1cc6fd5cc', '1178050d-0e18-4f18-a653-ebc9475d690b', '2024-01-15', 'Severe');
INSERT INTO Patient_Diseases (patient_id, disease_id, diagnosed_on, severity) VALUES ('dafe744a-553b-42e8-b8b5-50d1cc6fd5cc', '673437ec-0c48-469e-bd00-7683381c7606', '2023-08-20', 'Moderate');
INSERT INTO Patient_Diseases (patient_id, disease_id, diagnosed_on, severity) VALUES ('b006e91c-67ff-49a3-8bdb-cd669e7332cc', '1178050d-0e18-4f18-a653-ebc9475d690b', '2024-01-15', 'Mild');
INSERT INTO Patient_Diseases (patient_id, disease_id, diagnosed_on, severity) VALUES ('b006e91c-67ff-49a3-8bdb-cd669e7332cc', 'b10617cd-773b-4dde-a974-bec694b1735c', '2023-06-10', 'Moderate');
INSERT INTO Patient_Diseases (patient_id, disease_id, diagnosed_on, severity) VALUES ('b006e91c-67ff-49a3-8bdb-cd669e7332cc', '673437ec-0c48-469e-bd00-7683381c7606', '2023-08-20', 'Severe');
INSERT INTO Patient_Diseases (patient_id, disease_id, diagnosed_on, severity) VALUES ('b006e91c-67ff-49a3-8bdb-cd669e7332cc', '18cf93f1-ed79-4d3a-bff2-85e47eab5e72', '2024-02-01', 'Moderate');
INSERT INTO Patient_Diseases (patient_id, disease_id, diagnosed_on, severity) VALUES ('36fa558c-6ef8-40ef-b212-39fd71b33391', '1178050d-0e18-4f18-a653-ebc9475d690b', '2024-01-15', 'Moderate');
INSERT INTO Patient_Diseases (patient_id, disease_id, diagnosed_on, severity) VALUES ('36fa558c-6ef8-40ef-b212-39fd71b33391', 'b10617cd-773b-4dde-a974-bec694b1735c', '2023-06-10', 'Severe');
INSERT INTO Patient_Diseases (patient_id, disease_id, diagnosed_on, severity) VALUES ('36fa558c-6ef8-40ef-b212-39fd71b33391', '673437ec-0c48-469e-bd00-7683381c7606', '2023-08-20', 'Mild');
INSERT INTO Patient_Diseases (patient_id, disease_id, diagnosed_on, severity) VALUES ('36fa558c-6ef8-40ef-b212-39fd71b33391', 'c59506b4-d414-4ce9-9db9-96c50941eed1', '2022-11-05', 'Moderate');
INSERT INTO Patient_Diseases (patient_id, disease_id, diagnosed_on, severity) VALUES ('254aa817-06c1-49a6-a955-0e0fd4a1bdb6', '1178050d-0e18-4f18-a653-ebc9475d690b', '2024-01-15', 'Severe');
INSERT INTO Patient_Diseases (patient_id, disease_id, diagnosed_on, severity) VALUES ('254aa817-06c1-49a6-a955-0e0fd4a1bdb6', 'b10617cd-773b-4dde-a974-bec694b1735c', '2023-06-10', 'Mild');
INSERT INTO Patient_Diseases (patient_id, disease_id, diagnosed_on, severity) VALUES ('254aa817-06c1-49a6-a955-0e0fd4a1bdb6', '673437ec-0c48-469e-bd00-7683381c7606', '2023-08-20', 'Moderate');
INSERT INTO Patient_Diseases (patient_id, disease_id, diagnosed_on, severity) VALUES ('254aa817-06c1-49a6-a955-0e0fd4a1bdb6', 'c59506b4-d414-4ce9-9db9-96c50941eed1', '2022-11-05', 'Severe');
INSERT INTO Patient_Diseases (patient_id, disease_id, diagnosed_on, severity) VALUES ('64a6f1c8-5200-454a-a835-3bdabb6cdfca', '1178050d-0e18-4f18-a653-ebc9475d690b', '2024-01-15', 'Mild');
INSERT INTO Patient_Diseases (patient_id, disease_id, diagnosed_on, severity) VALUES ('64a6f1c8-5200-454a-a835-3bdabb6cdfca', 'b10617cd-773b-4dde-a974-bec694b1735c', '2023-06-10', 'Moderate');
INSERT INTO Patient_Diseases (patient_id, disease_id, diagnosed_on, severity) VALUES ('64a6f1c8-5200-454a-a835-3bdabb6cdfca', '673437ec-0c48-469e-bd00-7683381c7606', '2023-08-20', 'Severe');
INSERT INTO Patient_Diseases (patient_id, disease_id, diagnosed_on, severity) VALUES ('64a6f1c8-5200-454a-a835-3bdabb6cdfca', 'c59506b4-d414-4ce9-9db9-96c50941eed1', '2022-11-05', 'Mild');
INSERT INTO Patient_Diseases (patient_id, disease_id, diagnosed_on, severity) VALUES ('9192bec5-25e6-4e74-b4aa-4d975fb0958b', '1178050d-0e18-4f18-a653-ebc9475d690b', '2024-01-15', 'Moderate');
INSERT INTO Patient_Diseases (patient_id, disease_id, diagnosed_on, severity) VALUES ('9192bec5-25e6-4e74-b4aa-4d975fb0958b', '673437ec-0c48-469e-bd00-7683381c7606', '2023-08-20', 'Mild');
INSERT INTO Patient_Diseases (patient_id, disease_id, diagnosed_on, severity) VALUES ('9192bec5-25e6-4e74-b4aa-4d975fb0958b', 'c59506b4-d414-4ce9-9db9-96c50941eed1', '2022-11-05', 'Moderate');
INSERT INTO Patient_Diseases (patient_id, disease_id, diagnosed_on, severity) VALUES ('ca6af871-a9a6-49e2-bebc-85fe7d86a668', '1178050d-0e18-4f18-a653-ebc9475d690b', '2024-01-15', 'Severe');
INSERT INTO Patient_Diseases (patient_id, disease_id, diagnosed_on, severity) VALUES ('ca6af871-a9a6-49e2-bebc-85fe7d86a668', '673437ec-0c48-469e-bd00-7683381c7606', '2023-08-20', 'Moderate');

-- PATIENT_SYMPTOMS
INSERT INTO Patient_Symptoms (patient_id, symptom_id, reported_on) VALUES ('972dfdf5-0d52-4b3c-81ac-29bc82f21b94', '65615172-7582-4ee0-85c1-41541a3c6fbe', '2024-01-01');
INSERT INTO Patient_Symptoms (patient_id, symptom_id, reported_on) VALUES ('972dfdf5-0d52-4b3c-81ac-29bc82f21b94', '47ab8f11-ef4e-47bf-9fbc-3854cd0f40a8', '2024-01-01');
INSERT INTO Patient_Symptoms (patient_id, symptom_id, reported_on) VALUES ('972dfdf5-0d52-4b3c-81ac-29bc82f21b94', 'f6c0eac4-ae33-46e9-b027-5a478f7e4447', '2024-01-01');
INSERT INTO Patient_Symptoms (patient_id, symptom_id, reported_on) VALUES ('4a571b4b-7ef1-4d80-b58b-09f1fb9fa234', '1b59fdae-6318-455a-8645-e58ce52fbc4d', '2024-01-02');
INSERT INTO Patient_Symptoms (patient_id, symptom_id, reported_on) VALUES ('4a571b4b-7ef1-4d80-b58b-09f1fb9fa234', '1a5da8eb-ddbf-4b09-9217-fe1db8455d84', '2024-01-02');
INSERT INTO Patient_Symptoms (patient_id, symptom_id, reported_on) VALUES ('4a571b4b-7ef1-4d80-b58b-09f1fb9fa234', 'cfd3fbfa-c1e5-41c6-bdd4-3cfecbacd5fd', '2024-01-02');
INSERT INTO Patient_Symptoms (patient_id, symptom_id, reported_on) VALUES ('6cd76da7-f8b3-4e6f-a3b1-8a92320fb88b', '1a5da8eb-ddbf-4b09-9217-fe1db8455d84', '2024-01-03');
INSERT INTO Patient_Symptoms (patient_id, symptom_id, reported_on) VALUES ('6cd76da7-f8b3-4e6f-a3b1-8a92320fb88b', '0d1692ff-a235-460e-a950-2a9892422d01', '2024-01-03');
INSERT INTO Patient_Symptoms (patient_id, symptom_id, reported_on) VALUES ('6cd76da7-f8b3-4e6f-a3b1-8a92320fb88b', '3c756943-7432-40f9-b3e3-f96558946382', '2024-01-03');
INSERT INTO Patient_Symptoms (patient_id, symptom_id, reported_on) VALUES ('b79a2fed-bd55-4f0c-a139-30a267738ea6', '1b59fdae-6318-455a-8645-e58ce52fbc4d', '2024-01-04');
INSERT INTO Patient_Symptoms (patient_id, symptom_id, reported_on) VALUES ('b79a2fed-bd55-4f0c-a139-30a267738ea6', '3c756943-7432-40f9-b3e3-f96558946382', '2024-01-04');
INSERT INTO Patient_Symptoms (patient_id, symptom_id, reported_on) VALUES ('b79a2fed-bd55-4f0c-a139-30a267738ea6', 'a0db5902-5139-420a-ad58-66f694447b77', '2024-01-04');
INSERT INTO Patient_Symptoms (patient_id, symptom_id, reported_on) VALUES ('bbba3c8e-f4fe-435a-87a8-131467ecf074', '65615172-7582-4ee0-85c1-41541a3c6fbe', '2024-01-05');
INSERT INTO Patient_Symptoms (patient_id, symptom_id, reported_on) VALUES ('bbba3c8e-f4fe-435a-87a8-131467ecf074', 'f6c0eac4-ae33-46e9-b027-5a478f7e4447', '2024-01-05');
INSERT INTO Patient_Symptoms (patient_id, symptom_id, reported_on) VALUES ('bbba3c8e-f4fe-435a-87a8-131467ecf074', '47ab8f11-ef4e-47bf-9fbc-3854cd0f40a8', '2024-01-05');
INSERT INTO Patient_Symptoms (patient_id, symptom_id, reported_on) VALUES ('ff1e6f8b-22ab-4e6c-8683-fb337e45e692', '65615172-7582-4ee0-85c1-41541a3c6fbe', '2024-01-06');
INSERT INTO Patient_Symptoms (patient_id, symptom_id, reported_on) VALUES ('ff1e6f8b-22ab-4e6c-8683-fb337e45e692', '47ab8f11-ef4e-47bf-9fbc-3854cd0f40a8', '2024-01-06');
INSERT INTO Patient_Symptoms (patient_id, symptom_id, reported_on) VALUES ('ff1e6f8b-22ab-4e6c-8683-fb337e45e692', 'f6c0eac4-ae33-46e9-b027-5a478f7e4447', '2024-01-06');
INSERT INTO Patient_Symptoms (patient_id, symptom_id, reported_on) VALUES ('b746a18f-96f4-4add-8a2b-f05a8dae0de5', '1b59fdae-6318-455a-8645-e58ce52fbc4d', '2024-01-07');
INSERT INTO Patient_Symptoms (patient_id, symptom_id, reported_on) VALUES ('b746a18f-96f4-4add-8a2b-f05a8dae0de5', '1a5da8eb-ddbf-4b09-9217-fe1db8455d84', '2024-01-07');
INSERT INTO Patient_Symptoms (patient_id, symptom_id, reported_on) VALUES ('b746a18f-96f4-4add-8a2b-f05a8dae0de5', 'cfd3fbfa-c1e5-41c6-bdd4-3cfecbacd5fd', '2024-01-07');
INSERT INTO Patient_Symptoms (patient_id, symptom_id, reported_on) VALUES ('d29f997d-f444-4189-986a-5b466dd31bf6', '1a5da8eb-ddbf-4b09-9217-fe1db8455d84', '2024-01-08');
INSERT INTO Patient_Symptoms (patient_id, symptom_id, reported_on) VALUES ('d29f997d-f444-4189-986a-5b466dd31bf6', '0d1692ff-a235-460e-a950-2a9892422d01', '2024-01-08');
INSERT INTO Patient_Symptoms (patient_id, symptom_id, reported_on) VALUES ('d29f997d-f444-4189-986a-5b466dd31bf6', '3c756943-7432-40f9-b3e3-f96558946382', '2024-01-08');
INSERT INTO Patient_Symptoms (patient_id, symptom_id, reported_on) VALUES ('a5678c4c-06e3-4861-a3e9-77ae3b1f1ceb', '1b59fdae-6318-455a-8645-e58ce52fbc4d', '2024-01-09');
INSERT INTO Patient_Symptoms (patient_id, symptom_id, reported_on) VALUES ('a5678c4c-06e3-4861-a3e9-77ae3b1f1ceb', '3c756943-7432-40f9-b3e3-f96558946382', '2024-01-09');
INSERT INTO Patient_Symptoms (patient_id, symptom_id, reported_on) VALUES ('a5678c4c-06e3-4861-a3e9-77ae3b1f1ceb', 'a0db5902-5139-420a-ad58-66f694447b77', '2024-01-09');
INSERT INTO Patient_Symptoms (patient_id, symptom_id, reported_on) VALUES ('4c9b87de-155a-4d1c-98cd-43b48e702c0b', '65615172-7582-4ee0-85c1-41541a3c6fbe', '2024-01-10');
INSERT INTO Patient_Symptoms (patient_id, symptom_id, reported_on) VALUES ('4c9b87de-155a-4d1c-98cd-43b48e702c0b', 'f6c0eac4-ae33-46e9-b027-5a478f7e4447', '2024-01-10');
INSERT INTO Patient_Symptoms (patient_id, symptom_id, reported_on) VALUES ('4c9b87de-155a-4d1c-98cd-43b48e702c0b', '47ab8f11-ef4e-47bf-9fbc-3854cd0f40a8', '2024-01-10');
INSERT INTO Patient_Symptoms (patient_id, symptom_id, reported_on) VALUES ('94edcc93-81bd-44eb-b639-b4dc4c18985f', '65615172-7582-4ee0-85c1-41541a3c6fbe', '2024-01-11');
INSERT INTO Patient_Symptoms (patient_id, symptom_id, reported_on) VALUES ('94edcc93-81bd-44eb-b639-b4dc4c18985f', '47ab8f11-ef4e-47bf-9fbc-3854cd0f40a8', '2024-01-11');
INSERT INTO Patient_Symptoms (patient_id, symptom_id, reported_on) VALUES ('94edcc93-81bd-44eb-b639-b4dc4c18985f', 'f6c0eac4-ae33-46e9-b027-5a478f7e4447', '2024-01-11');
INSERT INTO Patient_Symptoms (patient_id, symptom_id, reported_on) VALUES ('8033e9b9-2168-4e7e-bb2d-29c4c8917758', '1b59fdae-6318-455a-8645-e58ce52fbc4d', '2024-01-12');
INSERT INTO Patient_Symptoms (patient_id, symptom_id, reported_on) VALUES ('8033e9b9-2168-4e7e-bb2d-29c4c8917758', '1a5da8eb-ddbf-4b09-9217-fe1db8455d84', '2024-01-12');
INSERT INTO Patient_Symptoms (patient_id, symptom_id, reported_on) VALUES ('8033e9b9-2168-4e7e-bb2d-29c4c8917758', 'cfd3fbfa-c1e5-41c6-bdd4-3cfecbacd5fd', '2024-01-12');
INSERT INTO Patient_Symptoms (patient_id, symptom_id, reported_on) VALUES ('ff601e67-bafc-440c-8c73-7c8915c191ba', '1a5da8eb-ddbf-4b09-9217-fe1db8455d84', '2024-01-13');
INSERT INTO Patient_Symptoms (patient_id, symptom_id, reported_on) VALUES ('ff601e67-bafc-440c-8c73-7c8915c191ba', '0d1692ff-a235-460e-a950-2a9892422d01', '2024-01-13');
INSERT INTO Patient_Symptoms (patient_id, symptom_id, reported_on) VALUES ('ff601e67-bafc-440c-8c73-7c8915c191ba', '3c756943-7432-40f9-b3e3-f96558946382', '2024-01-13');
INSERT INTO Patient_Symptoms (patient_id, symptom_id, reported_on) VALUES ('4bef37f2-0b3f-47ae-90fc-b56a6e0a00a8', '1b59fdae-6318-455a-8645-e58ce52fbc4d', '2024-01-14');
INSERT INTO Patient_Symptoms (patient_id, symptom_id, reported_on) VALUES ('4bef37f2-0b3f-47ae-90fc-b56a6e0a00a8', '3c756943-7432-40f9-b3e3-f96558946382', '2024-01-14');
INSERT INTO Patient_Symptoms (patient_id, symptom_id, reported_on) VALUES ('4bef37f2-0b3f-47ae-90fc-b56a6e0a00a8', 'a0db5902-5139-420a-ad58-66f694447b77', '2024-01-14');
INSERT INTO Patient_Symptoms (patient_id, symptom_id, reported_on) VALUES ('5d841636-d7bd-4b7e-8c41-37f60f40829e', '65615172-7582-4ee0-85c1-41541a3c6fbe', '2024-01-15');
INSERT INTO Patient_Symptoms (patient_id, symptom_id, reported_on) VALUES ('5d841636-d7bd-4b7e-8c41-37f60f40829e', 'f6c0eac4-ae33-46e9-b027-5a478f7e4447', '2024-01-15');
INSERT INTO Patient_Symptoms (patient_id, symptom_id, reported_on) VALUES ('5d841636-d7bd-4b7e-8c41-37f60f40829e', '47ab8f11-ef4e-47bf-9fbc-3854cd0f40a8', '2024-01-15');
INSERT INTO Patient_Symptoms (patient_id, symptom_id, reported_on) VALUES ('42d3bb78-c95e-4d9c-9733-5fc36464fb9c', '65615172-7582-4ee0-85c1-41541a3c6fbe', '2024-01-16');
INSERT INTO Patient_Symptoms (patient_id, symptom_id, reported_on) VALUES ('42d3bb78-c95e-4d9c-9733-5fc36464fb9c', '47ab8f11-ef4e-47bf-9fbc-3854cd0f40a8', '2024-01-16');
INSERT INTO Patient_Symptoms (patient_id, symptom_id, reported_on) VALUES ('42d3bb78-c95e-4d9c-9733-5fc36464fb9c', 'f6c0eac4-ae33-46e9-b027-5a478f7e4447', '2024-01-16');
INSERT INTO Patient_Symptoms (patient_id, symptom_id, reported_on) VALUES ('7bfcaaf7-11ee-48ac-a200-36ad00917e94', '1b59fdae-6318-455a-8645-e58ce52fbc4d', '2024-01-17');
INSERT INTO Patient_Symptoms (patient_id, symptom_id, reported_on) VALUES ('7bfcaaf7-11ee-48ac-a200-36ad00917e94', '1a5da8eb-ddbf-4b09-9217-fe1db8455d84', '2024-01-17');
INSERT INTO Patient_Symptoms (patient_id, symptom_id, reported_on) VALUES ('7bfcaaf7-11ee-48ac-a200-36ad00917e94', 'cfd3fbfa-c1e5-41c6-bdd4-3cfecbacd5fd', '2024-01-17');
INSERT INTO Patient_Symptoms (patient_id, symptom_id, reported_on) VALUES ('acc49050-5202-4658-8eca-ff1c3dea614d', '1a5da8eb-ddbf-4b09-9217-fe1db8455d84', '2024-01-18');
INSERT INTO Patient_Symptoms (patient_id, symptom_id, reported_on) VALUES ('acc49050-5202-4658-8eca-ff1c3dea614d', '0d1692ff-a235-460e-a950-2a9892422d01', '2024-01-18');
INSERT INTO Patient_Symptoms (patient_id, symptom_id, reported_on) VALUES ('acc49050-5202-4658-8eca-ff1c3dea614d', '3c756943-7432-40f9-b3e3-f96558946382', '2024-01-18');
INSERT INTO Patient_Symptoms (patient_id, symptom_id, reported_on) VALUES ('7ceaa361-a0fb-4a53-817b-72997764d716', '1b59fdae-6318-455a-8645-e58ce52fbc4d', '2024-01-19');
INSERT INTO Patient_Symptoms (patient_id, symptom_id, reported_on) VALUES ('7ceaa361-a0fb-4a53-817b-72997764d716', '3c756943-7432-40f9-b3e3-f96558946382', '2024-01-19');
INSERT INTO Patient_Symptoms (patient_id, symptom_id, reported_on) VALUES ('7ceaa361-a0fb-4a53-817b-72997764d716', 'a0db5902-5139-420a-ad58-66f694447b77', '2024-01-19');
INSERT INTO Patient_Symptoms (patient_id, symptom_id, reported_on) VALUES ('bb3c2c46-bc7e-4f46-be52-aeea4828421b', '65615172-7582-4ee0-85c1-41541a3c6fbe', '2024-01-20');
INSERT INTO Patient_Symptoms (patient_id, symptom_id, reported_on) VALUES ('bb3c2c46-bc7e-4f46-be52-aeea4828421b', 'f6c0eac4-ae33-46e9-b027-5a478f7e4447', '2024-01-20');
INSERT INTO Patient_Symptoms (patient_id, symptom_id, reported_on) VALUES ('bb3c2c46-bc7e-4f46-be52-aeea4828421b', '47ab8f11-ef4e-47bf-9fbc-3854cd0f40a8', '2024-01-20');
INSERT INTO Patient_Symptoms (patient_id, symptom_id, reported_on) VALUES ('656489c7-760f-48c7-a969-4c582503a82f', '65615172-7582-4ee0-85c1-41541a3c6fbe', '2024-01-21');
INSERT INTO Patient_Symptoms (patient_id, symptom_id, reported_on) VALUES ('656489c7-760f-48c7-a969-4c582503a82f', '47ab8f11-ef4e-47bf-9fbc-3854cd0f40a8', '2024-01-21');
INSERT INTO Patient_Symptoms (patient_id, symptom_id, reported_on) VALUES ('656489c7-760f-48c7-a969-4c582503a82f', 'f6c0eac4-ae33-46e9-b027-5a478f7e4447', '2024-01-21');
INSERT INTO Patient_Symptoms (patient_id, symptom_id, reported_on) VALUES ('ac646555-29b8-4022-85ad-fdf6504cae91', '1b59fdae-6318-455a-8645-e58ce52fbc4d', '2024-01-22');
INSERT INTO Patient_Symptoms (patient_id, symptom_id, reported_on) VALUES ('ac646555-29b8-4022-85ad-fdf6504cae91', '1a5da8eb-ddbf-4b09-9217-fe1db8455d84', '2024-01-22');
INSERT INTO Patient_Symptoms (patient_id, symptom_id, reported_on) VALUES ('ac646555-29b8-4022-85ad-fdf6504cae91', 'cfd3fbfa-c1e5-41c6-bdd4-3cfecbacd5fd', '2024-01-22');
INSERT INTO Patient_Symptoms (patient_id, symptom_id, reported_on) VALUES ('9bd2a431-28bb-473d-b9e5-009d606b81df', '1a5da8eb-ddbf-4b09-9217-fe1db8455d84', '2024-01-23');
INSERT INTO Patient_Symptoms (patient_id, symptom_id, reported_on) VALUES ('9bd2a431-28bb-473d-b9e5-009d606b81df', '0d1692ff-a235-460e-a950-2a9892422d01', '2024-01-23');
INSERT INTO Patient_Symptoms (patient_id, symptom_id, reported_on) VALUES ('9bd2a431-28bb-473d-b9e5-009d606b81df', '3c756943-7432-40f9-b3e3-f96558946382', '2024-01-23');
INSERT INTO Patient_Symptoms (patient_id, symptom_id, reported_on) VALUES ('dafe744a-553b-42e8-b8b5-50d1cc6fd5cc', '1b59fdae-6318-455a-8645-e58ce52fbc4d', '2024-01-24');
INSERT INTO Patient_Symptoms (patient_id, symptom_id, reported_on) VALUES ('dafe744a-553b-42e8-b8b5-50d1cc6fd5cc', '3c756943-7432-40f9-b3e3-f96558946382', '2024-01-24');
INSERT INTO Patient_Symptoms (patient_id, symptom_id, reported_on) VALUES ('dafe744a-553b-42e8-b8b5-50d1cc6fd5cc', 'a0db5902-5139-420a-ad58-66f694447b77', '2024-01-24');
INSERT INTO Patient_Symptoms (patient_id, symptom_id, reported_on) VALUES ('b006e91c-67ff-49a3-8bdb-cd669e7332cc', '65615172-7582-4ee0-85c1-41541a3c6fbe', '2024-01-25');
INSERT INTO Patient_Symptoms (patient_id, symptom_id, reported_on) VALUES ('b006e91c-67ff-49a3-8bdb-cd669e7332cc', 'f6c0eac4-ae33-46e9-b027-5a478f7e4447', '2024-01-25');
INSERT INTO Patient_Symptoms (patient_id, symptom_id, reported_on) VALUES ('b006e91c-67ff-49a3-8bdb-cd669e7332cc', '47ab8f11-ef4e-47bf-9fbc-3854cd0f40a8', '2024-01-25');
INSERT INTO Patient_Symptoms (patient_id, symptom_id, reported_on) VALUES ('36fa558c-6ef8-40ef-b212-39fd71b33391', '65615172-7582-4ee0-85c1-41541a3c6fbe', '2024-01-26');
INSERT INTO Patient_Symptoms (patient_id, symptom_id, reported_on) VALUES ('36fa558c-6ef8-40ef-b212-39fd71b33391', '47ab8f11-ef4e-47bf-9fbc-3854cd0f40a8', '2024-01-26');
INSERT INTO Patient_Symptoms (patient_id, symptom_id, reported_on) VALUES ('36fa558c-6ef8-40ef-b212-39fd71b33391', 'f6c0eac4-ae33-46e9-b027-5a478f7e4447', '2024-01-26');
INSERT INTO Patient_Symptoms (patient_id, symptom_id, reported_on) VALUES ('254aa817-06c1-49a6-a955-0e0fd4a1bdb6', '1b59fdae-6318-455a-8645-e58ce52fbc4d', '2024-01-27');
INSERT INTO Patient_Symptoms (patient_id, symptom_id, reported_on) VALUES ('254aa817-06c1-49a6-a955-0e0fd4a1bdb6', '1a5da8eb-ddbf-4b09-9217-fe1db8455d84', '2024-01-27');
INSERT INTO Patient_Symptoms (patient_id, symptom_id, reported_on) VALUES ('254aa817-06c1-49a6-a955-0e0fd4a1bdb6', 'cfd3fbfa-c1e5-41c6-bdd4-3cfecbacd5fd', '2024-01-27');
INSERT INTO Patient_Symptoms (patient_id, symptom_id, reported_on) VALUES ('64a6f1c8-5200-454a-a835-3bdabb6cdfca', '1a5da8eb-ddbf-4b09-9217-fe1db8455d84', '2024-01-28');
INSERT INTO Patient_Symptoms (patient_id, symptom_id, reported_on) VALUES ('64a6f1c8-5200-454a-a835-3bdabb6cdfca', '0d1692ff-a235-460e-a950-2a9892422d01', '2024-01-28');
INSERT INTO Patient_Symptoms (patient_id, symptom_id, reported_on) VALUES ('64a6f1c8-5200-454a-a835-3bdabb6cdfca', '3c756943-7432-40f9-b3e3-f96558946382', '2024-01-28');
INSERT INTO Patient_Symptoms (patient_id, symptom_id, reported_on) VALUES ('9192bec5-25e6-4e74-b4aa-4d975fb0958b', '1b59fdae-6318-455a-8645-e58ce52fbc4d', '2024-01-01');
INSERT INTO Patient_Symptoms (patient_id, symptom_id, reported_on) VALUES ('9192bec5-25e6-4e74-b4aa-4d975fb0958b', '3c756943-7432-40f9-b3e3-f96558946382', '2024-01-01');
INSERT INTO Patient_Symptoms (patient_id, symptom_id, reported_on) VALUES ('9192bec5-25e6-4e74-b4aa-4d975fb0958b', 'a0db5902-5139-420a-ad58-66f694447b77', '2024-01-01');
INSERT INTO Patient_Symptoms (patient_id, symptom_id, reported_on) VALUES ('ca6af871-a9a6-49e2-bebc-85fe7d86a668', '65615172-7582-4ee0-85c1-41541a3c6fbe', '2024-01-02');
INSERT INTO Patient_Symptoms (patient_id, symptom_id, reported_on) VALUES ('ca6af871-a9a6-49e2-bebc-85fe7d86a668', 'f6c0eac4-ae33-46e9-b027-5a478f7e4447', '2024-01-02');
INSERT INTO Patient_Symptoms (patient_id, symptom_id, reported_on) VALUES ('ca6af871-a9a6-49e2-bebc-85fe7d86a668', '47ab8f11-ef4e-47bf-9fbc-3854cd0f40a8', '2024-01-02');

-- APPOINTMENTS
INSERT INTO Appointments (appointment_id, patient_id, doctor_id, hospital_id, appointment_date, status) VALUES ('a8949d0e-f877-4e78-a67a-a1b4e0d1ded8', '972dfdf5-0d52-4b3c-81ac-29bc82f21b94', '9c015ddc-1178-4745-9ff5-4be9a6bb3e96', '3eb11e1e-40a3-44de-935c-3ba89198dcaa', '2024-01-01', 'Completed');
INSERT INTO Appointments (appointment_id, patient_id, doctor_id, hospital_id, appointment_date, status) VALUES ('c58c2ff6-7a8e-4a7a-a50f-da9ebfddc631', '4a571b4b-7ef1-4d80-b58b-09f1fb9fa234', 'dacf3fb2-5d91-4f3e-9f47-9ce14bab4b70', 'a065527b-f8fa-49f5-a441-9a83e96e05ea', '2024-02-02', 'Completed');
INSERT INTO Appointments (appointment_id, patient_id, doctor_id, hospital_id, appointment_date, status) VALUES ('744af841-4788-4a1e-811d-d6f8225015ee', '6cd76da7-f8b3-4e6f-a3b1-8a92320fb88b', 'eb45867f-756f-41e8-968a-22dbd6998112', '49afe674-4d18-4574-97e6-bdab38a1e4e3', '2024-03-03', 'Scheduled');
INSERT INTO Appointments (appointment_id, patient_id, doctor_id, hospital_id, appointment_date, status) VALUES ('5f6f33c8-6a9b-418b-a856-cca13b045193', 'b79a2fed-bd55-4f0c-a139-30a267738ea6', 'c781b877-1ab4-4f1e-a264-f843b6a47cde', '332321cf-3201-4380-b90e-91cc0dd7ec80', '2024-04-04', 'Cancelled');
INSERT INTO Appointments (appointment_id, patient_id, doctor_id, hospital_id, appointment_date, status) VALUES ('5e7d79e3-41e1-4a8e-84ad-06787d0497e0', 'bbba3c8e-f4fe-435a-87a8-131467ecf074', '38e4eb8f-4e4d-499a-9aa8-9eda4a9566d9', '3071bb33-b79b-4158-99e2-5df4c84bac8a', '2024-05-05', 'Completed');
INSERT INTO Appointments (appointment_id, patient_id, doctor_id, hospital_id, appointment_date, status) VALUES ('605a378d-6411-4acc-800a-932359ab8140', 'ff1e6f8b-22ab-4e6c-8683-fb337e45e692', '341e7990-7459-45df-bdd5-837ec5665e4a', '3eb11e1e-40a3-44de-935c-3ba89198dcaa', '2024-06-06', 'Completed');
INSERT INTO Appointments (appointment_id, patient_id, doctor_id, hospital_id, appointment_date, status) VALUES ('beb02e2b-93e3-4c6b-9d75-39ebc1812edf', 'b746a18f-96f4-4add-8a2b-f05a8dae0de5', '17065caf-709f-4395-b9ac-5ba06e1c2449', 'a065527b-f8fa-49f5-a441-9a83e96e05ea', '2024-07-07', 'Completed');
INSERT INTO Appointments (appointment_id, patient_id, doctor_id, hospital_id, appointment_date, status) VALUES ('7640ad14-a483-47cf-aac3-e48aae02765f', 'd29f997d-f444-4189-986a-5b466dd31bf6', '17ca721c-cc2a-4a7e-b7d0-4c7a24c3991b', '49afe674-4d18-4574-97e6-bdab38a1e4e3', '2024-08-08', 'Scheduled');
INSERT INTO Appointments (appointment_id, patient_id, doctor_id, hospital_id, appointment_date, status) VALUES ('29620a3c-6f0b-42ff-997d-a3a921f168ae', 'a5678c4c-06e3-4861-a3e9-77ae3b1f1ceb', '5d5fc9c1-6340-4b48-b5fe-ed7e7e314bc6', '332321cf-3201-4380-b90e-91cc0dd7ec80', '2024-09-09', 'Cancelled');
INSERT INTO Appointments (appointment_id, patient_id, doctor_id, hospital_id, appointment_date, status) VALUES ('a5b4d7b6-be39-4ed5-9e40-c59355cd4155', '4c9b87de-155a-4d1c-98cd-43b48e702c0b', '78d97449-2365-491e-9ddb-b247f393a902', '3071bb33-b79b-4158-99e2-5df4c84bac8a', '2024-10-10', 'Completed');
INSERT INTO Appointments (appointment_id, patient_id, doctor_id, hospital_id, appointment_date, status) VALUES ('f2eb2a07-0c6a-427a-b5bd-ef37056cb126', '94edcc93-81bd-44eb-b639-b4dc4c18985f', '9c015ddc-1178-4745-9ff5-4be9a6bb3e96', '3eb11e1e-40a3-44de-935c-3ba89198dcaa', '2024-11-11', 'Completed');
INSERT INTO Appointments (appointment_id, patient_id, doctor_id, hospital_id, appointment_date, status) VALUES ('4d2770f6-2e10-44e5-8be4-1bed056e4578', '8033e9b9-2168-4e7e-bb2d-29c4c8917758', 'dacf3fb2-5d91-4f3e-9f47-9ce14bab4b70', 'a065527b-f8fa-49f5-a441-9a83e96e05ea', '2024-12-12', 'Completed');
INSERT INTO Appointments (appointment_id, patient_id, doctor_id, hospital_id, appointment_date, status) VALUES ('f2e277a6-55d8-476d-b116-bc93f050fed9', 'ff601e67-bafc-440c-8c73-7c8915c191ba', 'eb45867f-756f-41e8-968a-22dbd6998112', '49afe674-4d18-4574-97e6-bdab38a1e4e3', '2024-01-13', 'Scheduled');
INSERT INTO Appointments (appointment_id, patient_id, doctor_id, hospital_id, appointment_date, status) VALUES ('dabd8b73-e7b3-4f17-a756-9912ca52fa1b', '4bef37f2-0b3f-47ae-90fc-b56a6e0a00a8', 'c781b877-1ab4-4f1e-a264-f843b6a47cde', '332321cf-3201-4380-b90e-91cc0dd7ec80', '2024-02-14', 'Cancelled');
INSERT INTO Appointments (appointment_id, patient_id, doctor_id, hospital_id, appointment_date, status) VALUES ('7a09efbd-65a1-47eb-ac3d-35ea1f24ecbf', '5d841636-d7bd-4b7e-8c41-37f60f40829e', '38e4eb8f-4e4d-499a-9aa8-9eda4a9566d9', '3071bb33-b79b-4158-99e2-5df4c84bac8a', '2024-03-15', 'Completed');
INSERT INTO Appointments (appointment_id, patient_id, doctor_id, hospital_id, appointment_date, status) VALUES ('771920d4-6b0d-47ad-b5f9-204b6a591bf6', '42d3bb78-c95e-4d9c-9733-5fc36464fb9c', '341e7990-7459-45df-bdd5-837ec5665e4a', '3eb11e1e-40a3-44de-935c-3ba89198dcaa', '2024-04-16', 'Completed');
INSERT INTO Appointments (appointment_id, patient_id, doctor_id, hospital_id, appointment_date, status) VALUES ('e3dbd191-bb58-4256-bc90-be821af72711', '7bfcaaf7-11ee-48ac-a200-36ad00917e94', '17065caf-709f-4395-b9ac-5ba06e1c2449', 'a065527b-f8fa-49f5-a441-9a83e96e05ea', '2024-05-17', 'Completed');
INSERT INTO Appointments (appointment_id, patient_id, doctor_id, hospital_id, appointment_date, status) VALUES ('0e8bd370-a320-4746-8058-ac0d53f879e5', 'acc49050-5202-4658-8eca-ff1c3dea614d', '17ca721c-cc2a-4a7e-b7d0-4c7a24c3991b', '49afe674-4d18-4574-97e6-bdab38a1e4e3', '2024-06-18', 'Scheduled');
INSERT INTO Appointments (appointment_id, patient_id, doctor_id, hospital_id, appointment_date, status) VALUES ('17097853-66f3-411c-bcf0-93cdeef1dc4c', '7ceaa361-a0fb-4a53-817b-72997764d716', '5d5fc9c1-6340-4b48-b5fe-ed7e7e314bc6', '332321cf-3201-4380-b90e-91cc0dd7ec80', '2024-07-19', 'Cancelled');
INSERT INTO Appointments (appointment_id, patient_id, doctor_id, hospital_id, appointment_date, status) VALUES ('27525077-b229-4145-8da6-7b7c4a9d7676', 'bb3c2c46-bc7e-4f46-be52-aeea4828421b', '78d97449-2365-491e-9ddb-b247f393a902', '3071bb33-b79b-4158-99e2-5df4c84bac8a', '2024-08-20', 'Completed');
INSERT INTO Appointments (appointment_id, patient_id, doctor_id, hospital_id, appointment_date, status) VALUES ('b29b4cb4-35da-4e97-82ce-ab2c002f1aa7', '656489c7-760f-48c7-a969-4c582503a82f', '9c015ddc-1178-4745-9ff5-4be9a6bb3e96', '3eb11e1e-40a3-44de-935c-3ba89198dcaa', '2024-09-21', 'Completed');
INSERT INTO Appointments (appointment_id, patient_id, doctor_id, hospital_id, appointment_date, status) VALUES ('327d59e0-8304-4849-b5c5-2555b087dc82', 'ac646555-29b8-4022-85ad-fdf6504cae91', 'dacf3fb2-5d91-4f3e-9f47-9ce14bab4b70', 'a065527b-f8fa-49f5-a441-9a83e96e05ea', '2024-10-22', 'Completed');
INSERT INTO Appointments (appointment_id, patient_id, doctor_id, hospital_id, appointment_date, status) VALUES ('b94141f1-b688-4875-9536-7a0563a88339', '9bd2a431-28bb-473d-b9e5-009d606b81df', 'eb45867f-756f-41e8-968a-22dbd6998112', '49afe674-4d18-4574-97e6-bdab38a1e4e3', '2024-11-23', 'Scheduled');
INSERT INTO Appointments (appointment_id, patient_id, doctor_id, hospital_id, appointment_date, status) VALUES ('18d061d7-a95d-4fc7-9feb-77d5c151a6b1', 'dafe744a-553b-42e8-b8b5-50d1cc6fd5cc', 'c781b877-1ab4-4f1e-a264-f843b6a47cde', '332321cf-3201-4380-b90e-91cc0dd7ec80', '2024-12-24', 'Cancelled');
INSERT INTO Appointments (appointment_id, patient_id, doctor_id, hospital_id, appointment_date, status) VALUES ('c2055c98-a580-407f-9de1-e665c9ad5a27', 'b006e91c-67ff-49a3-8bdb-cd669e7332cc', '38e4eb8f-4e4d-499a-9aa8-9eda4a9566d9', '3071bb33-b79b-4158-99e2-5df4c84bac8a', '2024-01-25', 'Completed');
INSERT INTO Appointments (appointment_id, patient_id, doctor_id, hospital_id, appointment_date, status) VALUES ('660037cf-9673-4bde-93da-b937103da777', '36fa558c-6ef8-40ef-b212-39fd71b33391', '341e7990-7459-45df-bdd5-837ec5665e4a', '3eb11e1e-40a3-44de-935c-3ba89198dcaa', '2024-02-26', 'Completed');
INSERT INTO Appointments (appointment_id, patient_id, doctor_id, hospital_id, appointment_date, status) VALUES ('d5db8011-f7f2-486d-a215-316bf725c892', '254aa817-06c1-49a6-a955-0e0fd4a1bdb6', '17065caf-709f-4395-b9ac-5ba06e1c2449', 'a065527b-f8fa-49f5-a441-9a83e96e05ea', '2024-03-27', 'Completed');
INSERT INTO Appointments (appointment_id, patient_id, doctor_id, hospital_id, appointment_date, status) VALUES ('b5ba59ea-0322-4b75-ad5c-0c767ed315a4', '64a6f1c8-5200-454a-a835-3bdabb6cdfca', '17ca721c-cc2a-4a7e-b7d0-4c7a24c3991b', '49afe674-4d18-4574-97e6-bdab38a1e4e3', '2024-04-28', 'Scheduled');
INSERT INTO Appointments (appointment_id, patient_id, doctor_id, hospital_id, appointment_date, status) VALUES ('5cbd9c2a-0b57-4bcc-ac13-6f3afca8b3d7', '9192bec5-25e6-4e74-b4aa-4d975fb0958b', '5d5fc9c1-6340-4b48-b5fe-ed7e7e314bc6', '332321cf-3201-4380-b90e-91cc0dd7ec80', '2024-05-01', 'Cancelled');
INSERT INTO Appointments (appointment_id, patient_id, doctor_id, hospital_id, appointment_date, status) VALUES ('11e69ca3-7922-42fe-b090-3e3170ea515d', 'ca6af871-a9a6-49e2-bebc-85fe7d86a668', '78d97449-2365-491e-9ddb-b247f393a902', '3071bb33-b79b-4158-99e2-5df4c84bac8a', '2024-06-02', 'Completed');

-- HEART_DATA
INSERT INTO Heart_Data (record_id, patient_id, age, sex, cp, trestbps, chol, fbs, restecg, thalach, exang, oldpeak, slope, ca, thal, target) VALUES ('dc301c85-b049-40d0-8cca-810c0c1c78df', '972dfdf5-0d52-4b3c-81ac-29bc82f21b94', 63, 1, 3, 145, 233, 1, 0, 150, 0, 2.3, 0, 0, 1, 1);
INSERT INTO Heart_Data (record_id, patient_id, age, sex, cp, trestbps, chol, fbs, restecg, thalach, exang, oldpeak, slope, ca, thal, target) VALUES ('173dc503-4cef-43c7-8e8c-575d16cfeb2c', '4a571b4b-7ef1-4d80-b58b-09f1fb9fa234', 37, 1, 2, 130, 250, 0, 1, 187, 0, 3.5, 0, 0, 2, 1);
INSERT INTO Heart_Data (record_id, patient_id, age, sex, cp, trestbps, chol, fbs, restecg, thalach, exang, oldpeak, slope, ca, thal, target) VALUES ('34333cef-c0e4-48c1-809a-9b9a19511860', '6cd76da7-f8b3-4e6f-a3b1-8a92320fb88b', 41, 0, 1, 130, 204, 0, 0, 172, 0, 1.4, 2, 0, 2, 1);
INSERT INTO Heart_Data (record_id, patient_id, age, sex, cp, trestbps, chol, fbs, restecg, thalach, exang, oldpeak, slope, ca, thal, target) VALUES ('aa8436f6-e5d6-4e85-943d-73f45021d5aa', 'b79a2fed-bd55-4f0c-a139-30a267738ea6', 56, 1, 1, 120, 236, 0, 1, 178, 0, 0.8, 2, 0, 2, 1);
INSERT INTO Heart_Data (record_id, patient_id, age, sex, cp, trestbps, chol, fbs, restecg, thalach, exang, oldpeak, slope, ca, thal, target) VALUES ('91d4a5a5-2f74-44aa-a69b-5feb1013ac21', 'bbba3c8e-f4fe-435a-87a8-131467ecf074', 57, 0, 0, 120, 354, 0, 1, 163, 1, 0.6, 2, 0, 2, 1);
INSERT INTO Heart_Data (record_id, patient_id, age, sex, cp, trestbps, chol, fbs, restecg, thalach, exang, oldpeak, slope, ca, thal, target) VALUES ('0f875303-bf87-4ae0-9059-2bed8c66afe3', 'ff1e6f8b-22ab-4e6c-8683-fb337e45e692', 57, 1, 0, 140, 192, 0, 1, 148, 0, 0.4, 1, 0, 1, 1);
INSERT INTO Heart_Data (record_id, patient_id, age, sex, cp, trestbps, chol, fbs, restecg, thalach, exang, oldpeak, slope, ca, thal, target) VALUES ('9456e371-3ac7-4de2-8b29-d91160370980', 'b746a18f-96f4-4add-8a2b-f05a8dae0de5', 56, 0, 1, 140, 294, 0, 0, 153, 0, 1.3, 1, 0, 2, 1);
INSERT INTO Heart_Data (record_id, patient_id, age, sex, cp, trestbps, chol, fbs, restecg, thalach, exang, oldpeak, slope, ca, thal, target) VALUES ('6096ca20-98f5-4f2d-b08a-89d941dab9ff', 'd29f997d-f444-4189-986a-5b466dd31bf6', 44, 1, 1, 120, 263, 0, 1, 173, 0, 0, 2, 0, 3, 1);
INSERT INTO Heart_Data (record_id, patient_id, age, sex, cp, trestbps, chol, fbs, restecg, thalach, exang, oldpeak, slope, ca, thal, target) VALUES ('ae0e3944-4043-4277-bf4e-52280008ba3e', 'a5678c4c-06e3-4861-a3e9-77ae3b1f1ceb', 52, 1, 2, 172, 199, 1, 1, 162, 0, 0.5, 2, 0, 3, 1);
INSERT INTO Heart_Data (record_id, patient_id, age, sex, cp, trestbps, chol, fbs, restecg, thalach, exang, oldpeak, slope, ca, thal, target) VALUES ('364d56c0-9c01-4fc3-b3da-4ad9f4487660', '4c9b87de-155a-4d1c-98cd-43b48e702c0b', 57, 1, 2, 150, 168, 0, 1, 174, 0, 1.6, 2, 0, 2, 1);
INSERT INTO Heart_Data (record_id, patient_id, age, sex, cp, trestbps, chol, fbs, restecg, thalach, exang, oldpeak, slope, ca, thal, target) VALUES ('d98ad080-b7d0-4195-890a-aff3686c927f', '94edcc93-81bd-44eb-b639-b4dc4c18985f', 54, 1, 0, 140, 239, 0, 1, 160, 0, 1.2, 2, 0, 2, 1);
INSERT INTO Heart_Data (record_id, patient_id, age, sex, cp, trestbps, chol, fbs, restecg, thalach, exang, oldpeak, slope, ca, thal, target) VALUES ('a5f2efd8-2252-4197-aa2d-48331df6feda', '8033e9b9-2168-4e7e-bb2d-29c4c8917758', 48, 0, 2, 130, 275, 0, 1, 139, 0, 0.2, 2, 0, 2, 1);
INSERT INTO Heart_Data (record_id, patient_id, age, sex, cp, trestbps, chol, fbs, restecg, thalach, exang, oldpeak, slope, ca, thal, target) VALUES ('fe0066ea-9507-41c4-b9ca-024ef69b5daf', 'ff601e67-bafc-440c-8c73-7c8915c191ba', 49, 1, 1, 130, 266, 0, 1, 171, 0, 0.6, 2, 0, 2, 1);
INSERT INTO Heart_Data (record_id, patient_id, age, sex, cp, trestbps, chol, fbs, restecg, thalach, exang, oldpeak, slope, ca, thal, target) VALUES ('4ebcc81c-4caa-4633-92b3-5f9f5cde0ae9', '4bef37f2-0b3f-47ae-90fc-b56a6e0a00a8', 64, 1, 3, 110, 211, 0, 0, 144, 1, 1.8, 1, 0, 2, 1);
INSERT INTO Heart_Data (record_id, patient_id, age, sex, cp, trestbps, chol, fbs, restecg, thalach, exang, oldpeak, slope, ca, thal, target) VALUES ('c27f6d6c-d811-4c82-8226-4eb76655b9b1', '5d841636-d7bd-4b7e-8c41-37f60f40829e', 58, 0, 3, 150, 283, 1, 0, 162, 0, 1, 2, 0, 2, 1);
INSERT INTO Heart_Data (record_id, patient_id, age, sex, cp, trestbps, chol, fbs, restecg, thalach, exang, oldpeak, slope, ca, thal, target) VALUES ('d4052fe8-9961-4c65-bbea-c7e26425ee6c', '42d3bb78-c95e-4d9c-9733-5fc36464fb9c', 50, 0, 2, 120, 219, 0, 1, 158, 0, 1.6, 1, 0, 2, 1);
INSERT INTO Heart_Data (record_id, patient_id, age, sex, cp, trestbps, chol, fbs, restecg, thalach, exang, oldpeak, slope, ca, thal, target) VALUES ('d46f9e24-eb3f-4f75-8a98-4f26561bdcf3', '7bfcaaf7-11ee-48ac-a200-36ad00917e94', 58, 0, 2, 120, 340, 0, 1, 172, 0, 0, 2, 0, 2, 1);
INSERT INTO Heart_Data (record_id, patient_id, age, sex, cp, trestbps, chol, fbs, restecg, thalach, exang, oldpeak, slope, ca, thal, target) VALUES ('d643fa32-9a6c-43cd-b2d4-0eb3e651b3da', 'acc49050-5202-4658-8eca-ff1c3dea614d', 66, 0, 3, 150, 226, 0, 1, 114, 0, 2.6, 0, 0, 2, 1);
INSERT INTO Heart_Data (record_id, patient_id, age, sex, cp, trestbps, chol, fbs, restecg, thalach, exang, oldpeak, slope, ca, thal, target) VALUES ('7dc7558c-0743-4d99-8d4c-3a8e05583668', '7ceaa361-a0fb-4a53-817b-72997764d716', 43, 1, 0, 150, 247, 0, 1, 171, 0, 1.5, 2, 0, 2, 1);
INSERT INTO Heart_Data (record_id, patient_id, age, sex, cp, trestbps, chol, fbs, restecg, thalach, exang, oldpeak, slope, ca, thal, target) VALUES ('01b83d42-5f5e-4709-b8d5-1230ae23c9d8', 'bb3c2c46-bc7e-4f46-be52-aeea4828421b', 69, 0, 3, 140, 239, 0, 1, 151, 0, 1.8, 2, 2, 2, 1);
INSERT INTO Heart_Data (record_id, patient_id, age, sex, cp, trestbps, chol, fbs, restecg, thalach, exang, oldpeak, slope, ca, thal, target) VALUES ('b7d0c120-8cee-4a9e-9feb-71becb3e52b4', '656489c7-760f-48c7-a969-4c582503a82f', 59, 1, 0, 135, 234, 0, 1, 161, 0, 0.5, 1, 0, 3, 1);
INSERT INTO Heart_Data (record_id, patient_id, age, sex, cp, trestbps, chol, fbs, restecg, thalach, exang, oldpeak, slope, ca, thal, target) VALUES ('af3c31f3-2d6b-45c6-a9a5-97f731076755', 'ac646555-29b8-4022-85ad-fdf6504cae91', 44, 1, 2, 130, 233, 0, 1, 179, 1, 0.4, 2, 0, 2, 1);
INSERT INTO Heart_Data (record_id, patient_id, age, sex, cp, trestbps, chol, fbs, restecg, thalach, exang, oldpeak, slope, ca, thal, target) VALUES ('1da5c04e-fe41-4e4e-b330-8633fe18f8f0', '9bd2a431-28bb-473d-b9e5-009d606b81df', 42, 1, 0, 140, 226, 0, 1, 178, 0, 0, 2, 0, 2, 1);
INSERT INTO Heart_Data (record_id, patient_id, age, sex, cp, trestbps, chol, fbs, restecg, thalach, exang, oldpeak, slope, ca, thal, target) VALUES ('65e18c6f-8759-482a-8cc0-12458154e7fc', 'dafe744a-553b-42e8-b8b5-50d1cc6fd5cc', 61, 1, 2, 150, 243, 1, 1, 137, 1, 1, 1, 0, 2, 1);
INSERT INTO Heart_Data (record_id, patient_id, age, sex, cp, trestbps, chol, fbs, restecg, thalach, exang, oldpeak, slope, ca, thal, target) VALUES ('7e2147ae-47ae-4b99-8526-5f17c382b763', 'b006e91c-67ff-49a3-8bdb-cd669e7332cc', 40, 1, 3, 140, 199, 0, 1, 178, 1, 1.4, 2, 0, 3, 1);
INSERT INTO Heart_Data (record_id, patient_id, age, sex, cp, trestbps, chol, fbs, restecg, thalach, exang, oldpeak, slope, ca, thal, target) VALUES ('c86beb9c-1c4f-4086-8b1d-eed87e350f97', '36fa558c-6ef8-40ef-b212-39fd71b33391', 71, 0, 1, 160, 302, 0, 1, 162, 0, 0.4, 2, 2, 2, 1);
INSERT INTO Heart_Data (record_id, patient_id, age, sex, cp, trestbps, chol, fbs, restecg, thalach, exang, oldpeak, slope, ca, thal, target) VALUES ('509acf2c-caf4-4fcb-84cd-5ef38ef6e59e', '254aa817-06c1-49a6-a955-0e0fd4a1bdb6', 59, 1, 2, 150, 212, 1, 1, 157, 0, 1.6, 2, 0, 2, 1);
INSERT INTO Heart_Data (record_id, patient_id, age, sex, cp, trestbps, chol, fbs, restecg, thalach, exang, oldpeak, slope, ca, thal, target) VALUES ('183d59c6-24e1-4445-b746-dda89fb2770a', '64a6f1c8-5200-454a-a835-3bdabb6cdfca', 51, 1, 2, 110, 175, 0, 1, 123, 0, 0.6, 2, 0, 2, 1);
INSERT INTO Heart_Data (record_id, patient_id, age, sex, cp, trestbps, chol, fbs, restecg, thalach, exang, oldpeak, slope, ca, thal, target) VALUES ('efe0fe9d-1684-4d8a-be58-2af34819b321', '9192bec5-25e6-4e74-b4aa-4d975fb0958b', 65, 0, 2, 140, 417, 1, 0, 157, 0, 0.8, 2, 1, 2, 1);
INSERT INTO Heart_Data (record_id, patient_id, age, sex, cp, trestbps, chol, fbs, restecg, thalach, exang, oldpeak, slope, ca, thal, target) VALUES ('5a60f62b-fc33-4437-af84-8ffa3d663bb6', 'ca6af871-a9a6-49e2-bebc-85fe7d86a668', 53, 1, 2, 130, 197, 1, 0, 152, 0, 1.2, 0, 0, 2, 1);

-- CARDIO_DATA
INSERT INTO Cardio_Data (record_id, patient_id, age_days, gender, height, weight, ap_hi, ap_lo, cholesterol, gluc, smoke, alco, active, cardio) VALUES ('4afd5164-21cc-4697-a141-af6745e3c3d9', '972dfdf5-0d52-4b3c-81ac-29bc82f21b94', 18393, 2, 168, 62.0, 110, 80, 1, 1, 0, 0, 1, 0);
INSERT INTO Cardio_Data (record_id, patient_id, age_days, gender, height, weight, ap_hi, ap_lo, cholesterol, gluc, smoke, alco, active, cardio) VALUES ('f45811a5-b3cd-4c88-a3ba-a36ddd788887', '4a571b4b-7ef1-4d80-b58b-09f1fb9fa234', 20228, 1, 156, 85.0, 140, 90, 3, 1, 0, 0, 1, 1);
INSERT INTO Cardio_Data (record_id, patient_id, age_days, gender, height, weight, ap_hi, ap_lo, cholesterol, gluc, smoke, alco, active, cardio) VALUES ('a005bad2-94fd-4e22-aec5-ee8cba3ce8ed', '6cd76da7-f8b3-4e6f-a3b1-8a92320fb88b', 18857, 1, 165, 64.0, 130, 70, 3, 1, 0, 0, 0, 1);
INSERT INTO Cardio_Data (record_id, patient_id, age_days, gender, height, weight, ap_hi, ap_lo, cholesterol, gluc, smoke, alco, active, cardio) VALUES ('f7edacdc-b8c6-434f-8577-fea8e1a3cb91', 'b79a2fed-bd55-4f0c-a139-30a267738ea6', 17623, 2, 169, 82.0, 150, 100, 1, 1, 0, 0, 1, 1);
INSERT INTO Cardio_Data (record_id, patient_id, age_days, gender, height, weight, ap_hi, ap_lo, cholesterol, gluc, smoke, alco, active, cardio) VALUES ('5ca86c61-1b7a-49b2-a29f-70a675636045', 'bbba3c8e-f4fe-435a-87a8-131467ecf074', 17474, 1, 156, 56.0, 100, 60, 1, 1, 0, 0, 0, 0);
INSERT INTO Cardio_Data (record_id, patient_id, age_days, gender, height, weight, ap_hi, ap_lo, cholesterol, gluc, smoke, alco, active, cardio) VALUES ('dacd278c-85af-4815-92c6-4721a9687a1c', 'ff1e6f8b-22ab-4e6c-8683-fb337e45e692', 21914, 1, 151, 67.0, 120, 80, 2, 2, 0, 0, 0, 0);
INSERT INTO Cardio_Data (record_id, patient_id, age_days, gender, height, weight, ap_hi, ap_lo, cholesterol, gluc, smoke, alco, active, cardio) VALUES ('7b949752-bcd5-4b40-b79a-6b2ce327aecf', 'b746a18f-96f4-4add-8a2b-f05a8dae0de5', 22113, 1, 157, 93.0, 130, 80, 3, 1, 0, 0, 1, 0);
INSERT INTO Cardio_Data (record_id, patient_id, age_days, gender, height, weight, ap_hi, ap_lo, cholesterol, gluc, smoke, alco, active, cardio) VALUES ('ac7f8b20-9161-45fe-8acc-f40f5a4bfd51', 'd29f997d-f444-4189-986a-5b466dd31bf6', 22584, 2, 178, 95.0, 130, 90, 3, 3, 0, 0, 1, 1);
INSERT INTO Cardio_Data (record_id, patient_id, age_days, gender, height, weight, ap_hi, ap_lo, cholesterol, gluc, smoke, alco, active, cardio) VALUES ('f1a9ee1d-4b61-496d-9ca1-5962158e35c2', 'a5678c4c-06e3-4861-a3e9-77ae3b1f1ceb', 17668, 1, 158, 71.0, 110, 70, 1, 1, 0, 0, 1, 0);
INSERT INTO Cardio_Data (record_id, patient_id, age_days, gender, height, weight, ap_hi, ap_lo, cholesterol, gluc, smoke, alco, active, cardio) VALUES ('9572dcac-0294-4fc9-94da-305775fdd07b', '4c9b87de-155a-4d1c-98cd-43b48e702c0b', 19834, 1, 164, 68.0, 110, 60, 1, 1, 0, 0, 0, 0);
INSERT INTO Cardio_Data (record_id, patient_id, age_days, gender, height, weight, ap_hi, ap_lo, cholesterol, gluc, smoke, alco, active, cardio) VALUES ('3a818e12-06b5-4bca-b87b-6266d38a8c44', '94edcc93-81bd-44eb-b639-b4dc4c18985f', 22530, 1, 169, 80.0, 120, 80, 1, 1, 0, 0, 1, 0);
INSERT INTO Cardio_Data (record_id, patient_id, age_days, gender, height, weight, ap_hi, ap_lo, cholesterol, gluc, smoke, alco, active, cardio) VALUES ('c525f87b-70e8-4d2d-bde8-66475d4defbe', '8033e9b9-2168-4e7e-bb2d-29c4c8917758', 18815, 2, 173, 60.0, 120, 80, 1, 1, 0, 0, 1, 0);
INSERT INTO Cardio_Data (record_id, patient_id, age_days, gender, height, weight, ap_hi, ap_lo, cholesterol, gluc, smoke, alco, active, cardio) VALUES ('818dc0d5-92be-4140-a94d-c0fa46f93d20', 'ff601e67-bafc-440c-8c73-7c8915c191ba', 14791, 2, 165, 60.0, 120, 80, 1, 1, 0, 0, 0, 0);
INSERT INTO Cardio_Data (record_id, patient_id, age_days, gender, height, weight, ap_hi, ap_lo, cholesterol, gluc, smoke, alco, active, cardio) VALUES ('84d0d197-ce6a-4a9a-aad4-76d48360f125', '4bef37f2-0b3f-47ae-90fc-b56a6e0a00a8', 19809, 1, 158, 78.0, 110, 70, 1, 1, 0, 0, 1, 0);
INSERT INTO Cardio_Data (record_id, patient_id, age_days, gender, height, weight, ap_hi, ap_lo, cholesterol, gluc, smoke, alco, active, cardio) VALUES ('5ebfd6ce-0ef8-419e-bc6d-e5a68f12e8c3', '5d841636-d7bd-4b7e-8c41-37f60f40829e', 14532, 2, 181, 95.0, 130, 90, 1, 1, 1, 1, 1, 0);
INSERT INTO Cardio_Data (record_id, patient_id, age_days, gender, height, weight, ap_hi, ap_lo, cholesterol, gluc, smoke, alco, active, cardio) VALUES ('9cab9cc2-af7a-4aa7-aede-6aec7474f466', '42d3bb78-c95e-4d9c-9733-5fc36464fb9c', 16782, 2, 172, 112.0, 120, 80, 1, 1, 0, 0, 0, 1);
INSERT INTO Cardio_Data (record_id, patient_id, age_days, gender, height, weight, ap_hi, ap_lo, cholesterol, gluc, smoke, alco, active, cardio) VALUES ('ef3c3dc3-0179-4ce8-bfcb-1f96a5563f01', '7bfcaaf7-11ee-48ac-a200-36ad00917e94', 21296, 1, 170, 75.0, 130, 70, 1, 1, 0, 0, 0, 0);
INSERT INTO Cardio_Data (record_id, patient_id, age_days, gender, height, weight, ap_hi, ap_lo, cholesterol, gluc, smoke, alco, active, cardio) VALUES ('52b97d96-309a-419d-b7a8-ccb7d66714ff', 'acc49050-5202-4658-8eca-ff1c3dea614d', 16747, 1, 158, 52.0, 110, 70, 1, 3, 0, 0, 1, 0);
INSERT INTO Cardio_Data (record_id, patient_id, age_days, gender, height, weight, ap_hi, ap_lo, cholesterol, gluc, smoke, alco, active, cardio) VALUES ('a2f5a006-4546-4a27-a875-cfe536b902a0', '7ceaa361-a0fb-4a53-817b-72997764d716', 17482, 1, 154, 68.0, 100, 70, 1, 1, 0, 0, 0, 0);
INSERT INTO Cardio_Data (record_id, patient_id, age_days, gender, height, weight, ap_hi, ap_lo, cholesterol, gluc, smoke, alco, active, cardio) VALUES ('c7203f67-c17a-4a83-b5a6-b74e4c71fbf7', 'bb3c2c46-bc7e-4f46-be52-aeea4828421b', 21755, 2, 162, 56.0, 120, 70, 1, 1, 1, 0, 1, 0);
INSERT INTO Cardio_Data (record_id, patient_id, age_days, gender, height, weight, ap_hi, ap_lo, cholesterol, gluc, smoke, alco, active, cardio) VALUES ('79a56663-dda6-453d-938a-9b354235275c', '656489c7-760f-48c7-a969-4c582503a82f', 19778, 2, 163, 83.0, 120, 80, 1, 1, 0, 0, 1, 0);
INSERT INTO Cardio_Data (record_id, patient_id, age_days, gender, height, weight, ap_hi, ap_lo, cholesterol, gluc, smoke, alco, active, cardio) VALUES ('4552501a-4ac7-4bc4-bd6d-902ad1b2ef86', 'ac646555-29b8-4022-85ad-fdf6504cae91', 21413, 1, 157, 69.0, 130, 80, 1, 1, 0, 0, 1, 0);
INSERT INTO Cardio_Data (record_id, patient_id, age_days, gender, height, weight, ap_hi, ap_lo, cholesterol, gluc, smoke, alco, active, cardio) VALUES ('6c1d332c-5532-4773-bed1-39f0350c9220', '9bd2a431-28bb-473d-b9e5-009d606b81df', 23046, 1, 158, 90.0, 145, 85, 2, 2, 0, 0, 1, 1);
INSERT INTO Cardio_Data (record_id, patient_id, age_days, gender, height, weight, ap_hi, ap_lo, cholesterol, gluc, smoke, alco, active, cardio) VALUES ('4ae3b80c-3137-4d94-8be3-69ed03f69cb2', 'dafe744a-553b-42e8-b8b5-50d1cc6fd5cc', 23376, 2, 156, 45.0, 110, 60, 1, 1, 0, 0, 1, 0);
INSERT INTO Cardio_Data (record_id, patient_id, age_days, gender, height, weight, ap_hi, ap_lo, cholesterol, gluc, smoke, alco, active, cardio) VALUES ('fdab4f39-57e9-4214-9c16-f9fac9df65bf', 'b006e91c-67ff-49a3-8bdb-cd669e7332cc', 16608, 1, 170, 68.0, 150, 90, 3, 1, 0, 0, 1, 1);
INSERT INTO Cardio_Data (record_id, patient_id, age_days, gender, height, weight, ap_hi, ap_lo, cholesterol, gluc, smoke, alco, active, cardio) VALUES ('a6a3b122-d660-4c46-aa7a-05bb9491bb8c', '36fa558c-6ef8-40ef-b212-39fd71b33391', 14453, 1, 153, 65.0, 130, 100, 2, 1, 0, 0, 1, 0);
INSERT INTO Cardio_Data (record_id, patient_id, age_days, gender, height, weight, ap_hi, ap_lo, cholesterol, gluc, smoke, alco, active, cardio) VALUES ('42ac48c8-f825-455e-98b2-09ae2ed861f1', '254aa817-06c1-49a6-a955-0e0fd4a1bdb6', 19559, 1, 156, 59.0, 130, 90, 1, 1, 0, 0, 1, 0);
INSERT INTO Cardio_Data (record_id, patient_id, age_days, gender, height, weight, ap_hi, ap_lo, cholesterol, gluc, smoke, alco, active, cardio) VALUES ('90cc7126-b617-4854-a377-8ffa24e00143', '64a6f1c8-5200-454a-a835-3bdabb6cdfca', 18085, 1, 159, 78.0, 120, 80, 1, 1, 0, 0, 1, 0);
INSERT INTO Cardio_Data (record_id, patient_id, age_days, gender, height, weight, ap_hi, ap_lo, cholesterol, gluc, smoke, alco, active, cardio) VALUES ('27f698c1-a250-4eeb-808d-1534151b4442', '9192bec5-25e6-4e74-b4aa-4d975fb0958b', 14574, 2, 166, 66.0, 120, 80, 1, 1, 0, 0, 1, 0);
INSERT INTO Cardio_Data (record_id, patient_id, age_days, gender, height, weight, ap_hi, ap_lo, cholesterol, gluc, smoke, alco, active, cardio) VALUES ('7002986e-1a9b-484c-98b8-d3b1eebf78b6', 'ca6af871-a9a6-49e2-bebc-85fe7d86a668', 21057, 2, 169, 74.0, 130, 70, 1, 3, 0, 0, 0, 0);

-- KIDNEY_DATA
INSERT INTO Kidney_Data (record_id, patient_id, age, bp, sg, al, su, rbc, pc, pcc, ba, bgr, bu, sc, sod, pot, hemo, pcv, wc, rc, htn, dm, cad, appet, pe, ane, classification) VALUES ('a2bf3886-d80b-418c-9b3c-775a45914553', '972dfdf5-0d52-4b3c-81ac-29bc82f21b94', 48.0, 80.0, 1.02, 1.0, 0.0, NULL, 'normal', 'notpresent', 'notpresent', 121.0, 36.0, 1.2, NULL, NULL, 15.4, '44', '7800', '5.2', 'yes', 'yes', 'no', 'good', 'no', 'no', 'ckd');
INSERT INTO Kidney_Data (record_id, patient_id, age, bp, sg, al, su, rbc, pc, pcc, ba, bgr, bu, sc, sod, pot, hemo, pcv, wc, rc, htn, dm, cad, appet, pe, ane, classification) VALUES ('ba26afc1-56f8-476b-ba93-27150951e2ef', '4a571b4b-7ef1-4d80-b58b-09f1fb9fa234', 7.0, 50.0, 1.02, 4.0, 0.0, NULL, 'normal', 'notpresent', 'notpresent', NULL, 18.0, 0.8, NULL, NULL, 11.3, '38', '6000', NULL, 'no', 'no', 'no', 'good', 'no', 'no', 'ckd');
INSERT INTO Kidney_Data (record_id, patient_id, age, bp, sg, al, su, rbc, pc, pcc, ba, bgr, bu, sc, sod, pot, hemo, pcv, wc, rc, htn, dm, cad, appet, pe, ane, classification) VALUES ('cc13b7ef-ea67-41e6-971b-9780c39c7047', '6cd76da7-f8b3-4e6f-a3b1-8a92320fb88b', 62.0, 80.0, 1.01, 2.0, 3.0, 'normal', 'normal', 'notpresent', 'notpresent', 423.0, 53.0, 1.8, NULL, NULL, 9.6, '31', '7500', NULL, 'no', 'yes', 'no', 'poor', 'no', 'yes', 'ckd');
INSERT INTO Kidney_Data (record_id, patient_id, age, bp, sg, al, su, rbc, pc, pcc, ba, bgr, bu, sc, sod, pot, hemo, pcv, wc, rc, htn, dm, cad, appet, pe, ane, classification) VALUES ('6dcfed3a-76f0-4fba-aa9a-78abaca424ed', 'b79a2fed-bd55-4f0c-a139-30a267738ea6', 48.0, 70.0, 1.005, 4.0, 0.0, 'normal', 'abnormal', 'present', 'notpresent', 117.0, 56.0, 3.8, 111.0, 2.5, 11.2, '32', '6700', '3.9', 'yes', 'no', 'no', 'poor', 'yes', 'yes', 'ckd');
INSERT INTO Kidney_Data (record_id, patient_id, age, bp, sg, al, su, rbc, pc, pcc, ba, bgr, bu, sc, sod, pot, hemo, pcv, wc, rc, htn, dm, cad, appet, pe, ane, classification) VALUES ('55ea7570-efe5-42bc-8721-7a8510077f7a', 'bbba3c8e-f4fe-435a-87a8-131467ecf074', 51.0, 80.0, 1.01, 2.0, 0.0, 'normal', 'normal', 'notpresent', 'notpresent', 106.0, 26.0, 1.4, NULL, NULL, 11.6, '35', '7300', '4.6', 'no', 'no', 'no', 'good', 'no', 'no', 'ckd');
INSERT INTO Kidney_Data (record_id, patient_id, age, bp, sg, al, su, rbc, pc, pcc, ba, bgr, bu, sc, sod, pot, hemo, pcv, wc, rc, htn, dm, cad, appet, pe, ane, classification) VALUES ('038e2cdc-69c5-4c83-a646-08fef037c14a', 'ff1e6f8b-22ab-4e6c-8683-fb337e45e692', 60.0, 90.0, 1.015, 3.0, 0.0, NULL, NULL, 'notpresent', 'notpresent', 74.0, 25.0, 1.1, 142.0, 3.2, 12.2, '39', '7800', '4.4', 'yes', 'yes', 'no', 'good', 'yes', 'no', 'ckd');
INSERT INTO Kidney_Data (record_id, patient_id, age, bp, sg, al, su, rbc, pc, pcc, ba, bgr, bu, sc, sod, pot, hemo, pcv, wc, rc, htn, dm, cad, appet, pe, ane, classification) VALUES ('efadb607-12a5-41c1-8125-daed511dd044', 'b746a18f-96f4-4add-8a2b-f05a8dae0de5', 68.0, 70.0, 1.01, 0.0, 0.0, NULL, 'normal', 'notpresent', 'notpresent', 100.0, 54.0, 24.0, 104.0, 4.0, 12.4, '36', NULL, NULL, 'no', 'no', 'no', 'good', 'no', 'no', 'ckd');
INSERT INTO Kidney_Data (record_id, patient_id, age, bp, sg, al, su, rbc, pc, pcc, ba, bgr, bu, sc, sod, pot, hemo, pcv, wc, rc, htn, dm, cad, appet, pe, ane, classification) VALUES ('e4e85c4a-3716-4641-9bb0-595d50562fe8', 'd29f997d-f444-4189-986a-5b466dd31bf6', 24.0, NULL, 1.015, 2.0, 4.0, 'normal', 'abnormal', 'notpresent', 'notpresent', 410.0, 31.0, 1.1, NULL, NULL, 12.4, '44', '6900', '5', 'no', 'yes', 'no', 'good', 'yes', 'no', 'ckd');
INSERT INTO Kidney_Data (record_id, patient_id, age, bp, sg, al, su, rbc, pc, pcc, ba, bgr, bu, sc, sod, pot, hemo, pcv, wc, rc, htn, dm, cad, appet, pe, ane, classification) VALUES ('df67915a-8ff9-4412-8515-1a549ad06585', 'a5678c4c-06e3-4861-a3e9-77ae3b1f1ceb', 52.0, 100.0, 1.015, 3.0, 0.0, 'normal', 'abnormal', 'present', 'notpresent', 138.0, 60.0, 1.9, NULL, NULL, 10.8, '33', '9600', '4.0', 'yes', 'yes', 'no', 'good', 'no', 'yes', 'ckd');
INSERT INTO Kidney_Data (record_id, patient_id, age, bp, sg, al, su, rbc, pc, pcc, ba, bgr, bu, sc, sod, pot, hemo, pcv, wc, rc, htn, dm, cad, appet, pe, ane, classification) VALUES ('49822480-e9d0-47e2-9951-8318a281f858', '4c9b87de-155a-4d1c-98cd-43b48e702c0b', 53.0, 90.0, 1.02, 2.0, 0.0, 'abnormal', 'abnormal', 'present', 'notpresent', 70.0, 107.0, 7.2, 114.0, 3.7, 9.5, '29', '12100', '3.7', 'yes', 'yes', 'no', 'poor', 'no', 'yes', 'ckd');
INSERT INTO Kidney_Data (record_id, patient_id, age, bp, sg, al, su, rbc, pc, pcc, ba, bgr, bu, sc, sod, pot, hemo, pcv, wc, rc, htn, dm, cad, appet, pe, ane, classification) VALUES ('46e8feaf-1de4-4e9c-85d1-620ad85eff4b', '94edcc93-81bd-44eb-b639-b4dc4c18985f', 50.0, 60.0, 1.01, 2.0, 4.0, NULL, 'abnormal', 'present', 'notpresent', 490.0, 55.0, 4.0, NULL, NULL, 9.4, '28', NULL, NULL, 'yes', 'yes', 'no', 'good', 'no', 'yes', 'ckd');
INSERT INTO Kidney_Data (record_id, patient_id, age, bp, sg, al, su, rbc, pc, pcc, ba, bgr, bu, sc, sod, pot, hemo, pcv, wc, rc, htn, dm, cad, appet, pe, ane, classification) VALUES ('d89722ea-67f9-4a6f-9d99-34d6e3667fa6', '8033e9b9-2168-4e7e-bb2d-29c4c8917758', 63.0, 70.0, 1.01, 3.0, 0.0, 'abnormal', 'abnormal', 'present', 'notpresent', 380.0, 60.0, 2.7, 131.0, 4.2, 10.8, '32', '4500', '3.8', 'yes', 'yes', 'no', 'poor', 'yes', 'no', 'ckd');
INSERT INTO Kidney_Data (record_id, patient_id, age, bp, sg, al, su, rbc, pc, pcc, ba, bgr, bu, sc, sod, pot, hemo, pcv, wc, rc, htn, dm, cad, appet, pe, ane, classification) VALUES ('bf590ec6-33ae-4695-a22e-c0c49169a5ef', 'ff601e67-bafc-440c-8c73-7c8915c191ba', 68.0, 70.0, 1.015, 3.0, 1.0, NULL, 'normal', 'present', 'notpresent', 208.0, 72.0, 2.1, 138.0, 5.8, 9.7, '28', '12200', '3.4', 'yes', 'yes', 'yes', 'poor', 'yes', 'no', 'ckd');
INSERT INTO Kidney_Data (record_id, patient_id, age, bp, sg, al, su, rbc, pc, pcc, ba, bgr, bu, sc, sod, pot, hemo, pcv, wc, rc, htn, dm, cad, appet, pe, ane, classification) VALUES ('d27a6df6-dfb6-462a-885c-d3bfe3e98fd0', '4bef37f2-0b3f-47ae-90fc-b56a6e0a00a8', 68.0, 70.0, NULL, NULL, NULL, NULL, NULL, 'notpresent', 'notpresent', 98.0, 86.0, 4.6, 135.0, 3.4, 9.8, NULL, NULL, NULL, 'yes', 'yes', 'yes', 'poor', 'yes', 'no', 'ckd');
INSERT INTO Kidney_Data (record_id, patient_id, age, bp, sg, al, su, rbc, pc, pcc, ba, bgr, bu, sc, sod, pot, hemo, pcv, wc, rc, htn, dm, cad, appet, pe, ane, classification) VALUES ('bb520a30-bd29-4ca1-9697-307cb2038e63', '5d841636-d7bd-4b7e-8c41-37f60f40829e', 68.0, 80.0, 1.01, 3.0, 2.0, 'normal', 'abnormal', 'present', 'present', 157.0, 90.0, 4.1, 130.0, 6.4, 5.6, '16', '11000', '2.6', 'yes', 'yes', 'yes', 'poor', 'yes', 'no', 'ckd');
INSERT INTO Kidney_Data (record_id, patient_id, age, bp, sg, al, su, rbc, pc, pcc, ba, bgr, bu, sc, sod, pot, hemo, pcv, wc, rc, htn, dm, cad, appet, pe, ane, classification) VALUES ('26c6346a-4f94-4798-9061-7ec11d2d0a31', '42d3bb78-c95e-4d9c-9733-5fc36464fb9c', 40.0, 80.0, 1.015, 3.0, 0.0, NULL, 'normal', 'notpresent', 'notpresent', 76.0, 162.0, 9.6, 141.0, 4.9, 7.6, '24', '3800', '2.8', 'yes', 'no', 'no', 'good', 'no', 'yes', 'ckd');
INSERT INTO Kidney_Data (record_id, patient_id, age, bp, sg, al, su, rbc, pc, pcc, ba, bgr, bu, sc, sod, pot, hemo, pcv, wc, rc, htn, dm, cad, appet, pe, ane, classification) VALUES ('73ea8fbf-0d51-42fb-b9bb-4f5d9d0dad1a', '7bfcaaf7-11ee-48ac-a200-36ad00917e94', 47.0, 70.0, 1.015, 2.0, 0.0, NULL, 'normal', 'notpresent', 'notpresent', 99.0, 46.0, 2.2, 138.0, 4.1, 12.6, NULL, NULL, NULL, 'no', 'no', 'no', 'good', 'no', 'no', 'ckd');
INSERT INTO Kidney_Data (record_id, patient_id, age, bp, sg, al, su, rbc, pc, pcc, ba, bgr, bu, sc, sod, pot, hemo, pcv, wc, rc, htn, dm, cad, appet, pe, ane, classification) VALUES ('facb7f1b-bceb-4ba0-8c7f-f056618274bb', 'acc49050-5202-4658-8eca-ff1c3dea614d', 47.0, 80.0, NULL, NULL, NULL, NULL, NULL, 'notpresent', 'notpresent', 114.0, 87.0, 5.2, 139.0, 3.7, 12.1, NULL, NULL, NULL, 'yes', 'no', 'no', 'poor', 'no', 'no', 'ckd');
INSERT INTO Kidney_Data (record_id, patient_id, age, bp, sg, al, su, rbc, pc, pcc, ba, bgr, bu, sc, sod, pot, hemo, pcv, wc, rc, htn, dm, cad, appet, pe, ane, classification) VALUES ('8eb5aa57-98a6-4b44-8389-7104b7ac2004', '7ceaa361-a0fb-4a53-817b-72997764d716', 60.0, 100.0, 1.025, 0.0, 3.0, NULL, 'normal', 'notpresent', 'notpresent', 263.0, 27.0, 1.3, 135.0, 4.3, 12.7, '37', '11400', '4.3', 'yes', 'yes', 'yes', 'good', 'no', 'no', 'ckd');
INSERT INTO Kidney_Data (record_id, patient_id, age, bp, sg, al, su, rbc, pc, pcc, ba, bgr, bu, sc, sod, pot, hemo, pcv, wc, rc, htn, dm, cad, appet, pe, ane, classification) VALUES ('df0e1497-5ec2-4007-bb7d-f7f5e1082c5b', 'bb3c2c46-bc7e-4f46-be52-aeea4828421b', 62.0, 60.0, 1.015, 1.0, 0.0, NULL, 'abnormal', 'present', 'notpresent', 100.0, 31.0, 1.6, NULL, NULL, 10.3, '30', '5300', '3.7', 'yes', 'no', 'yes', 'good', 'no', 'no', 'ckd');
INSERT INTO Kidney_Data (record_id, patient_id, age, bp, sg, al, su, rbc, pc, pcc, ba, bgr, bu, sc, sod, pot, hemo, pcv, wc, rc, htn, dm, cad, appet, pe, ane, classification) VALUES ('66f97787-74bb-4407-beab-d729402436dd', '656489c7-760f-48c7-a969-4c582503a82f', 61.0, 80.0, 1.015, 2.0, 0.0, 'abnormal', 'abnormal', 'notpresent', 'notpresent', 173.0, 148.0, 3.9, 135.0, 5.2, 7.7, '24', '9200', '3.2', 'yes', 'yes', 'yes', 'poor', 'yes', 'yes', 'ckd');
INSERT INTO Kidney_Data (record_id, patient_id, age, bp, sg, al, su, rbc, pc, pcc, ba, bgr, bu, sc, sod, pot, hemo, pcv, wc, rc, htn, dm, cad, appet, pe, ane, classification) VALUES ('08353792-9290-4293-bc27-de81b03754ca', 'ac646555-29b8-4022-85ad-fdf6504cae91', 60.0, 90.0, NULL, NULL, NULL, NULL, NULL, 'notpresent', 'notpresent', NULL, 180.0, 76.0, 4.5, NULL, 10.9, '32', '6200', '3.6', 'yes', 'yes', 'yes', 'good', 'no', 'no', 'ckd');
INSERT INTO Kidney_Data (record_id, patient_id, age, bp, sg, al, su, rbc, pc, pcc, ba, bgr, bu, sc, sod, pot, hemo, pcv, wc, rc, htn, dm, cad, appet, pe, ane, classification) VALUES ('34e70c53-671a-4c33-aaab-5e698b2106ae', '9bd2a431-28bb-473d-b9e5-009d606b81df', 48.0, 80.0, 1.025, 4.0, 0.0, 'normal', 'abnormal', 'notpresent', 'notpresent', 95.0, 163.0, 7.7, 136.0, 3.8, 9.8, '32', '6900', '3.4', 'yes', 'no', 'no', 'good', 'no', 'yes', 'ckd');
INSERT INTO Kidney_Data (record_id, patient_id, age, bp, sg, al, su, rbc, pc, pcc, ba, bgr, bu, sc, sod, pot, hemo, pcv, wc, rc, htn, dm, cad, appet, pe, ane, classification) VALUES ('45562066-ede8-4a24-a77e-b42743caa615', 'dafe744a-553b-42e8-b8b5-50d1cc6fd5cc', 21.0, 70.0, 1.01, 0.0, 0.0, NULL, 'normal', 'notpresent', 'notpresent', NULL, NULL, NULL, NULL, NULL, NULL, NULL, NULL, NULL, 'no', 'no', 'no', 'poor', 'no', 'yes', 'ckd');
INSERT INTO Kidney_Data (record_id, patient_id, age, bp, sg, al, su, rbc, pc, pcc, ba, bgr, bu, sc, sod, pot, hemo, pcv, wc, rc, htn, dm, cad, appet, pe, ane, classification) VALUES ('5aab5496-2bdb-48a6-9c77-73e836f5b9b7', 'b006e91c-67ff-49a3-8bdb-cd669e7332cc', 42.0, 100.0, 1.015, 4.0, 0.0, 'normal', 'abnormal', 'notpresent', 'present', NULL, 50.0, 1.4, 129.0, 4.0, 11.1, '39', '8300', '4.6', 'yes', 'no', 'no', 'poor', 'no', 'no', 'ckd');
INSERT INTO Kidney_Data (record_id, patient_id, age, bp, sg, al, su, rbc, pc, pcc, ba, bgr, bu, sc, sod, pot, hemo, pcv, wc, rc, htn, dm, cad, appet, pe, ane, classification) VALUES ('1c55cdef-7909-4e1e-b574-983e87e03804', '36fa558c-6ef8-40ef-b212-39fd71b33391', 61.0, 60.0, 1.025, 0.0, 0.0, NULL, 'normal', 'notpresent', 'notpresent', 108.0, 75.0, 1.9, 141.0, 5.2, 9.9, '29', '8400', '3.7', 'yes', 'yes', 'no', 'good', 'no', 'yes', 'ckd');
INSERT INTO Kidney_Data (record_id, patient_id, age, bp, sg, al, su, rbc, pc, pcc, ba, bgr, bu, sc, sod, pot, hemo, pcv, wc, rc, htn, dm, cad, appet, pe, ane, classification) VALUES ('1f3d078b-5381-4650-b186-e072f3e237ff', '254aa817-06c1-49a6-a955-0e0fd4a1bdb6', 75.0, 80.0, 1.015, 0.0, 0.0, NULL, 'normal', 'notpresent', 'notpresent', 156.0, 45.0, 2.4, 140.0, 3.4, 11.6, '35', '10300', '4', 'yes', 'yes', 'no', 'poor', 'no', 'no', 'ckd');
INSERT INTO Kidney_Data (record_id, patient_id, age, bp, sg, al, su, rbc, pc, pcc, ba, bgr, bu, sc, sod, pot, hemo, pcv, wc, rc, htn, dm, cad, appet, pe, ane, classification) VALUES ('4965e6a2-35ef-4c0a-9854-83c68211116a', '64a6f1c8-5200-454a-a835-3bdabb6cdfca', 69.0, 70.0, 1.01, 3.0, 4.0, 'normal', 'abnormal', 'notpresent', 'notpresent', 264.0, 87.0, 2.7, 130.0, 4.0, 12.5, '37', '9600', '4.1', 'yes', 'yes', 'yes', 'good', 'yes', 'no', 'ckd');
INSERT INTO Kidney_Data (record_id, patient_id, age, bp, sg, al, su, rbc, pc, pcc, ba, bgr, bu, sc, sod, pot, hemo, pcv, wc, rc, htn, dm, cad, appet, pe, ane, classification) VALUES ('9c913cb1-3eb5-477b-9f13-bceebfbb7275', '9192bec5-25e6-4e74-b4aa-4d975fb0958b', 75.0, 70.0, NULL, 1.0, 3.0, NULL, NULL, 'notpresent', 'notpresent', 123.0, 31.0, 1.4, NULL, NULL, NULL, NULL, NULL, NULL, 'no', 'yes', 'no', 'good', 'no', 'no', 'ckd');
INSERT INTO Kidney_Data (record_id, patient_id, age, bp, sg, al, su, rbc, pc, pcc, ba, bgr, bu, sc, sod, pot, hemo, pcv, wc, rc, htn, dm, cad, appet, pe, ane, classification) VALUES ('7a9aff1d-f1ee-412c-9a3f-d2f7998823c3', 'ca6af871-a9a6-49e2-bebc-85fe7d86a668', 68.0, 70.0, 1.005, 1.0, 0.0, 'abnormal', 'abnormal', 'present', 'notpresent', NULL, 28.0, 1.4, NULL, NULL, 12.9, '38', NULL, NULL, 'no', 'no', 'yes', 'good', 'no', 'no', 'ckd');

-- MEDICATIONS
INSERT INTO Medications (medication_id, name, generic_name, category, dosage_form, strength) VALUES ('a9400baf-9954-4e0c-8ce5-0959f57a3e78', 'Aspirin', 'Acetylsalicylic acid', 'Antiplatelet', 'Tablet', '75mg');
INSERT INTO Medications (medication_id, name, generic_name, category, dosage_form, strength) VALUES ('9860ba26-fb66-4418-8bfb-2f423c910285', 'Atorvastatin', 'Atorvastatin', 'Statin', 'Tablet', '40mg');
INSERT INTO Medications (medication_id, name, generic_name, category, dosage_form, strength) VALUES ('1333efdd-1239-4af4-a9fd-bd574015c9bd', 'Metoprolol', 'Metoprolol tartrate', 'Beta-blocker', 'Tablet', '50mg');
INSERT INTO Medications (medication_id, name, generic_name, category, dosage_form, strength) VALUES ('812d58bf-d5e3-493c-8e15-d3f5aac28e69', 'Amlodipine', 'Amlodipine besylate', 'Calcium channel', 'Tablet', '5mg');
INSERT INTO Medications (medication_id, name, generic_name, category, dosage_form, strength) VALUES ('f17a6025-4fd9-4b71-aebb-c7584c6bcde0', 'Lisinopril', 'Lisinopril', 'ACE inhibitor', 'Tablet', '10mg');
INSERT INTO Medications (medication_id, name, generic_name, category, dosage_form, strength) VALUES ('3aae9281-0411-4c7d-b773-7ad51d59add0', 'Metformin', 'Metformin HCl', 'Antidiabetic', 'Tablet', '500mg');
INSERT INTO Medications (medication_id, name, generic_name, category, dosage_form, strength) VALUES ('ef24923c-3aff-4aa2-8e45-3b8c39da9bdf', 'Furosemide', 'Furosemide', 'Diuretic', 'Tablet', '40mg');
INSERT INTO Medications (medication_id, name, generic_name, category, dosage_form, strength) VALUES ('04eb8733-c229-4663-82cd-0e9fda4ea19e', 'Erythropoietin', 'Epoetin alfa', 'Hematopoietic', 'Injection', '4000IU');
INSERT INTO Medications (medication_id, name, generic_name, category, dosage_form, strength) VALUES ('6533c9bd-fcc1-4749-88a9-6c8ba26fef69', 'Nitroglycerin', 'Glyceryl trinitrate', 'Vasodilator', 'Tablet', '0.5mg');
INSERT INTO Medications (medication_id, name, generic_name, category, dosage_form, strength) VALUES ('cf854238-5a7d-402c-ac55-7459913c3391', 'Ramipril', 'Ramipril', 'ACE inhibitor', 'Capsule', '5mg');
INSERT INTO Medications (medication_id, name, generic_name, category, dosage_form, strength) VALUES ('2c004226-576e-461e-8b83-a69e3a1b34d1', 'Losartan', 'Losartan potassium', 'ARB', 'Tablet', '50mg');
INSERT INTO Medications (medication_id, name, generic_name, category, dosage_form, strength) VALUES ('198f5a8f-3364-4ebb-a6e2-2cdd9251160f', 'Clopidogrel', 'Clopidogrel bisulfate', 'Antiplatelet', 'Tablet', '75mg');

-- DISEASE_MEDICATIONS
INSERT INTO Disease_Medications (disease_id, medication_id) VALUES ('1178050d-0e18-4f18-a653-ebc9475d690b', 'a9400baf-9954-4e0c-8ce5-0959f57a3e78');
INSERT INTO Disease_Medications (disease_id, medication_id) VALUES ('1178050d-0e18-4f18-a653-ebc9475d690b', '9860ba26-fb66-4418-8bfb-2f423c910285');
INSERT INTO Disease_Medications (disease_id, medication_id) VALUES ('1178050d-0e18-4f18-a653-ebc9475d690b', '1333efdd-1239-4af4-a9fd-bd574015c9bd');
INSERT INTO Disease_Medications (disease_id, medication_id) VALUES ('1178050d-0e18-4f18-a653-ebc9475d690b', '6533c9bd-fcc1-4749-88a9-6c8ba26fef69');
INSERT INTO Disease_Medications (disease_id, medication_id) VALUES ('1178050d-0e18-4f18-a653-ebc9475d690b', '198f5a8f-3364-4ebb-a6e2-2cdd9251160f');
INSERT INTO Disease_Medications (disease_id, medication_id) VALUES ('b10617cd-773b-4dde-a974-bec694b1735c', '812d58bf-d5e3-493c-8e15-d3f5aac28e69');
INSERT INTO Disease_Medications (disease_id, medication_id) VALUES ('b10617cd-773b-4dde-a974-bec694b1735c', 'f17a6025-4fd9-4b71-aebb-c7584c6bcde0');
INSERT INTO Disease_Medications (disease_id, medication_id) VALUES ('b10617cd-773b-4dde-a974-bec694b1735c', '2c004226-576e-461e-8b83-a69e3a1b34d1');
INSERT INTO Disease_Medications (disease_id, medication_id) VALUES ('673437ec-0c48-469e-bd00-7683381c7606', 'ef24923c-3aff-4aa2-8e45-3b8c39da9bdf');
INSERT INTO Disease_Medications (disease_id, medication_id) VALUES ('673437ec-0c48-469e-bd00-7683381c7606', '04eb8733-c229-4663-82cd-0e9fda4ea19e');
INSERT INTO Disease_Medications (disease_id, medication_id) VALUES ('673437ec-0c48-469e-bd00-7683381c7606', 'cf854238-5a7d-402c-ac55-7459913c3391');
INSERT INTO Disease_Medications (disease_id, medication_id) VALUES ('c59506b4-d414-4ce9-9db9-96c50941eed1', '3aae9281-0411-4c7d-b773-7ad51d59add0');
INSERT INTO Disease_Medications (disease_id, medication_id) VALUES ('99faafc7-8e68-4889-8b7e-cbb934528d57', 'ef24923c-3aff-4aa2-8e45-3b8c39da9bdf');
INSERT INTO Disease_Medications (disease_id, medication_id) VALUES ('99faafc7-8e68-4889-8b7e-cbb934528d57', '1333efdd-1239-4af4-a9fd-bd574015c9bd');
INSERT INTO Disease_Medications (disease_id, medication_id) VALUES ('33fd779b-ec92-4fd3-900f-503aadf4df9e', '04eb8733-c229-4663-82cd-0e9fda4ea19e');
INSERT INTO Disease_Medications (disease_id, medication_id) VALUES ('18cf93f1-ed79-4d3a-bff2-85e47eab5e72', 'a9400baf-9954-4e0c-8ce5-0959f57a3e78');
INSERT INTO Disease_Medications (disease_id, medication_id) VALUES ('18cf93f1-ed79-4d3a-bff2-85e47eab5e72', '812d58bf-d5e3-493c-8e15-d3f5aac28e69');

-- VENDORS
INSERT INTO Vendors (vendor_id, name, contact_person, phone) VALUES ('8a83eb3a-8e99-45bc-811f-c549b873b16b', 'Sun Pharma Distributors', 'Rahul Verma', '+91-22-40255000');
INSERT INTO Vendors (vendor_id, name, contact_person, phone) VALUES ('0cf03682-aad5-47e0-9b7a-08ccb8ef45b6', 'Cipla Medical Supplies', 'Anita Shetty', '+91-20-25431234');
INSERT INTO Vendors (vendor_id, name, contact_person, phone) VALUES ('cb980c00-9f2f-4a98-b8c3-355d6fc5d261', 'Dr. Reddy''s Wholesale', 'Srinivas Reddy', '+91-40-49002900');
INSERT INTO Vendors (vendor_id, name, contact_person, phone) VALUES ('ec2328b8-c4d3-4e71-81e2-68c165f1cd94', 'Lupin Healthcare', 'Pradeep Shah', '+91-22-66402323');

-- INVENTORY
INSERT INTO Inventory (inventory_id, medication_id, vendor_id, price, stock, expiry_date) VALUES ('5063ed9b-8a07-4aec-8859-6d5b85b00a68', 'a9400baf-9954-4e0c-8ce5-0959f57a3e78', '8a83eb3a-8e99-45bc-811f-c549b873b16b', 15.5, 500, '2026-12-31');
INSERT INTO Inventory (inventory_id, medication_id, vendor_id, price, stock, expiry_date) VALUES ('022ffd50-735a-4a99-8d1d-777257004eb9', '9860ba26-fb66-4418-8bfb-2f423c910285', '0cf03682-aad5-47e0-9b7a-08ccb8ef45b6', 85.0, 200, '2026-12-31');
INSERT INTO Inventory (inventory_id, medication_id, vendor_id, price, stock, expiry_date) VALUES ('936fb2f4-c7ba-4bc5-959e-459fa731bd2c', '1333efdd-1239-4af4-a9fd-bd574015c9bd', 'cb980c00-9f2f-4a98-b8c3-355d6fc5d261', 45.0, 350, '2026-12-31');
INSERT INTO Inventory (inventory_id, medication_id, vendor_id, price, stock, expiry_date) VALUES ('5dc56478-8d23-4c99-952e-e0c17a904c4b', '812d58bf-d5e3-493c-8e15-d3f5aac28e69', 'ec2328b8-c4d3-4e71-81e2-68c165f1cd94', 60.0, 280, '2026-12-31');
INSERT INTO Inventory (inventory_id, medication_id, vendor_id, price, stock, expiry_date) VALUES ('a89fdeba-257c-4e4b-b2d0-54161e969810', 'f17a6025-4fd9-4b71-aebb-c7584c6bcde0', '8a83eb3a-8e99-45bc-811f-c549b873b16b', 55.0, 320, '2026-12-31');
INSERT INTO Inventory (inventory_id, medication_id, vendor_id, price, stock, expiry_date) VALUES ('072a100b-61c4-4dbe-bb96-1f7fbf9287ec', '3aae9281-0411-4c7d-b773-7ad51d59add0', '0cf03682-aad5-47e0-9b7a-08ccb8ef45b6', 30.0, 600, '2026-12-31');
INSERT INTO Inventory (inventory_id, medication_id, vendor_id, price, stock, expiry_date) VALUES ('075f8ccb-ef87-4819-a73a-af452cb74ad3', 'ef24923c-3aff-4aa2-8e45-3b8c39da9bdf', 'cb980c00-9f2f-4a98-b8c3-355d6fc5d261', 25.0, 400, '2026-12-31');
INSERT INTO Inventory (inventory_id, medication_id, vendor_id, price, stock, expiry_date) VALUES ('5f277c80-5c4c-404b-a556-7401bdc7819c', '04eb8733-c229-4663-82cd-0e9fda4ea19e', 'ec2328b8-c4d3-4e71-81e2-68c165f1cd94', 1200.0, 50, '2026-12-31');
INSERT INTO Inventory (inventory_id, medication_id, vendor_id, price, stock, expiry_date) VALUES ('f6816e2a-07b7-4a90-81e2-7ebf070e8442', '6533c9bd-fcc1-4749-88a9-6c8ba26fef69', '8a83eb3a-8e99-45bc-811f-c549b873b16b', 5.0, 800, '2026-12-31');
INSERT INTO Inventory (inventory_id, medication_id, vendor_id, price, stock, expiry_date) VALUES ('98bcdc7d-a566-4e5e-b035-be453229c3a4', 'cf854238-5a7d-402c-ac55-7459913c3391', '0cf03682-aad5-47e0-9b7a-08ccb8ef45b6', 75.0, 150, '2026-12-31');
INSERT INTO Inventory (inventory_id, medication_id, vendor_id, price, stock, expiry_date) VALUES ('53d033c9-8561-4d81-968c-fa0414eaab58', '2c004226-576e-461e-8b83-a69e3a1b34d1', 'cb980c00-9f2f-4a98-b8c3-355d6fc5d261', 70.0, 250, '2026-12-31');
INSERT INTO Inventory (inventory_id, medication_id, vendor_id, price, stock, expiry_date) VALUES ('e643d031-bd5f-4164-a23a-c7bb941e5133', '198f5a8f-3364-4ebb-a6e2-2cdd9251160f', 'ec2328b8-c4d3-4e71-81e2-68c165f1cd94', 40.0, 300, '2026-12-31');

-- ORDERS
INSERT INTO Orders (order_id, patient_id, order_date, status, total_amount) VALUES ('7fc9167a-2d2d-4fd8-a127-46bceb042bf3', '972dfdf5-0d52-4b3c-81ac-29bc82f21b94', '2024-01-01 00:00:00', 'Delivered', 46.5);
INSERT INTO Orders (order_id, patient_id, order_date, status, total_amount) VALUES ('d851fafd-0bc1-445b-98d1-99e0e5198009', '4a571b4b-7ef1-4d80-b58b-09f1fb9fa234', '2024-02-02 00:00:00', 'Delivered', 340.0);
INSERT INTO Orders (order_id, patient_id, order_date, status, total_amount) VALUES ('a4528e1e-e1dd-4e04-ba57-97bbb0657326', '6cd76da7-f8b3-4e6f-a3b1-8a92320fb88b', '2024-03-03 00:00:00', 'Confirmed', 45.0);
INSERT INTO Orders (order_id, patient_id, order_date, status, total_amount) VALUES ('434a5180-a848-4f69-a749-710c36275c09', 'b79a2fed-bd55-4f0c-a139-30a267738ea6', '2024-04-04 00:00:00', 'Pending', 120.0);
INSERT INTO Orders (order_id, patient_id, order_date, status, total_amount) VALUES ('0e446d2b-be57-432b-a43d-4a0c092e92dd', 'bbba3c8e-f4fe-435a-87a8-131467ecf074', '2024-05-05 00:00:00', 'Shipped', 110.0);
INSERT INTO Orders (order_id, patient_id, order_date, status, total_amount) VALUES ('f4fba00e-7ea9-4257-93a2-f3d62da35d40', 'ff1e6f8b-22ab-4e6c-8683-fb337e45e692', '2024-06-06 00:00:00', 'Delivered', 90.0);
INSERT INTO Orders (order_id, patient_id, order_date, status, total_amount) VALUES ('6614407c-f9cd-4405-a9a8-c9aded7fc562', 'b746a18f-96f4-4add-8a2b-f05a8dae0de5', '2024-07-07 00:00:00', 'Delivered', 50.0);
INSERT INTO Orders (order_id, patient_id, order_date, status, total_amount) VALUES ('06020d50-4b8c-4861-b879-70a2be3d20b8', 'd29f997d-f444-4189-986a-5b466dd31bf6', '2024-08-08 00:00:00', 'Confirmed', 4800.0);
INSERT INTO Orders (order_id, patient_id, order_date, status, total_amount) VALUES ('28079986-e01e-49e7-830f-61d7b6469f83', 'a5678c4c-06e3-4861-a3e9-77ae3b1f1ceb', '2024-09-09 00:00:00', 'Pending', 5.0);
INSERT INTO Orders (order_id, patient_id, order_date, status, total_amount) VALUES ('89e1d4c2-8bcf-42e0-a882-8f919a9742e1', '4c9b87de-155a-4d1c-98cd-43b48e702c0b', '2024-10-10 00:00:00', 'Shipped', 75.0);
INSERT INTO Orders (order_id, patient_id, order_date, status, total_amount) VALUES ('5a651ba3-095c-487f-aea1-4a182a92924b', '94edcc93-81bd-44eb-b639-b4dc4c18985f', '2024-11-11 00:00:00', 'Delivered', 140.0);
INSERT INTO Orders (order_id, patient_id, order_date, status, total_amount) VALUES ('4164ed49-04e2-463b-aa4a-4374e2dd7260', '8033e9b9-2168-4e7e-bb2d-29c4c8917758', '2024-12-12 00:00:00', 'Delivered', 160.0);
INSERT INTO Orders (order_id, patient_id, order_date, status, total_amount) VALUES ('8dcf7d68-d399-40cc-9f27-eb3fb72624b7', 'ff601e67-bafc-440c-8c73-7c8915c191ba', '2024-01-13 00:00:00', 'Confirmed', 62.0);
INSERT INTO Orders (order_id, patient_id, order_date, status, total_amount) VALUES ('b51b8d73-cb6c-421f-95f3-18be225c3eb6', '4bef37f2-0b3f-47ae-90fc-b56a6e0a00a8', '2024-02-14 00:00:00', 'Pending', 340.0);
INSERT INTO Orders (order_id, patient_id, order_date, status, total_amount) VALUES ('f9bb938f-c870-4b1a-b93d-8eb3a9bcebce', '5d841636-d7bd-4b7e-8c41-37f60f40829e', '2024-03-15 00:00:00', 'Shipped', 135.0);
INSERT INTO Orders (order_id, patient_id, order_date, status, total_amount) VALUES ('a7666868-fbf3-4f62-bcd8-48b26a599bdd', '42d3bb78-c95e-4d9c-9733-5fc36464fb9c', '2024-04-16 00:00:00', 'Delivered', 60.0);
INSERT INTO Orders (order_id, patient_id, order_date, status, total_amount) VALUES ('1cb2ff19-4587-435d-b922-acbbb3d379a1', '7bfcaaf7-11ee-48ac-a200-36ad00917e94', '2024-05-17 00:00:00', 'Delivered', 110.0);
INSERT INTO Orders (order_id, patient_id, order_date, status, total_amount) VALUES ('50b2e8fc-b7cc-4226-ae9a-2382d8ab0aee', 'acc49050-5202-4658-8eca-ff1c3dea614d', '2024-06-18 00:00:00', 'Confirmed', 90.0);
INSERT INTO Orders (order_id, patient_id, order_date, status, total_amount) VALUES ('77dec214-efb6-4b8e-8ad1-bd658a64d189', '7ceaa361-a0fb-4a53-817b-72997764d716', '2024-07-19 00:00:00', 'Pending', 100.0);
INSERT INTO Orders (order_id, patient_id, order_date, status, total_amount) VALUES ('beb962a6-140f-4073-b3f9-db41866a6908', 'bb3c2c46-bc7e-4f46-be52-aeea4828421b', '2024-08-20 00:00:00', 'Shipped', 4800.0);
INSERT INTO Orders (order_id, patient_id, order_date, status, total_amount) VALUES ('68cab166-4b8d-4d59-8b5b-a42d8a9ba8d7', '656489c7-760f-48c7-a969-4c582503a82f', '2024-09-21 00:00:00', 'Delivered', 15.0);
INSERT INTO Orders (order_id, patient_id, order_date, status, total_amount) VALUES ('4a64bbe4-5254-4c29-a810-6aef57939542', 'ac646555-29b8-4022-85ad-fdf6504cae91', '2024-10-22 00:00:00', 'Delivered', 75.0);
INSERT INTO Orders (order_id, patient_id, order_date, status, total_amount) VALUES ('7c87095f-157d-4977-a62e-1a3a2eaad8a6', '9bd2a431-28bb-473d-b9e5-009d606b81df', '2024-11-23 00:00:00', 'Confirmed', 140.0);
INSERT INTO Orders (order_id, patient_id, order_date, status, total_amount) VALUES ('0b1416b3-bfbd-477e-8a31-26940f29870e', 'dafe744a-553b-42e8-b8b5-50d1cc6fd5cc', '2024-12-24 00:00:00', 'Pending', 80.0);
INSERT INTO Orders (order_id, patient_id, order_date, status, total_amount) VALUES ('328c02c1-e4e5-42fc-a9e2-7f02dfca0bbb', 'b006e91c-67ff-49a3-8bdb-cd669e7332cc', '2024-01-25 00:00:00', 'Shipped', 46.5);
INSERT INTO Orders (order_id, patient_id, order_date, status, total_amount) VALUES ('72d6f186-c8af-48cb-adf3-07972bf45d8e', '36fa558c-6ef8-40ef-b212-39fd71b33391', '2024-02-26 00:00:00', 'Delivered', 255.0);
INSERT INTO Orders (order_id, patient_id, order_date, status, total_amount) VALUES ('5a77ce52-2cbb-4b2b-8272-6d592169697f', '254aa817-06c1-49a6-a955-0e0fd4a1bdb6', '2024-03-27 00:00:00', 'Delivered', 90.0);
INSERT INTO Orders (order_id, patient_id, order_date, status, total_amount) VALUES ('a28e071e-d9f3-45a3-92db-5bcc2c44315a', '64a6f1c8-5200-454a-a835-3bdabb6cdfca', '2024-04-28 00:00:00', 'Confirmed', 240.0);
INSERT INTO Orders (order_id, patient_id, order_date, status, total_amount) VALUES ('88842473-c17e-4f69-a83a-5876a16a8517', '9192bec5-25e6-4e74-b4aa-4d975fb0958b', '2024-05-01 00:00:00', 'Pending', 110.0);
INSERT INTO Orders (order_id, patient_id, order_date, status, total_amount) VALUES ('56aff274-f6f9-4c9d-be27-325e92a2a328', 'ca6af871-a9a6-49e2-bebc-85fe7d86a668', '2024-06-02 00:00:00', 'Shipped', 60.0);

-- ORDER_ITEMS
INSERT INTO Order_Items (item_id, order_id, inventory_id, quantity, unit_price) VALUES ('077c867c-0dee-45ff-8afb-80eb55f4aa42', '7fc9167a-2d2d-4fd8-a127-46bceb042bf3', '5063ed9b-8a07-4aec-8859-6d5b85b00a68', 4, 15.5);
INSERT INTO Order_Items (item_id, order_id, inventory_id, quantity, unit_price) VALUES ('559f6cbf-75c4-4dbf-a398-d943a143993a', 'd851fafd-0bc1-445b-98d1-99e0e5198009', '022ffd50-735a-4a99-8d1d-777257004eb9', 2, 85.0);
INSERT INTO Order_Items (item_id, order_id, inventory_id, quantity, unit_price) VALUES ('fde823fa-1e5a-4be5-adeb-e6c3dfe2639c', 'a4528e1e-e1dd-4e04-ba57-97bbb0657326', '936fb2f4-c7ba-4bc5-959e-459fa731bd2c', 3, 45.0);
INSERT INTO Order_Items (item_id, order_id, inventory_id, quantity, unit_price) VALUES ('4154cb18-ba3c-4c39-87b4-1c33bef7f1bd', '434a5180-a848-4f69-a749-710c36275c09', '5dc56478-8d23-4c99-952e-e0c17a904c4b', 2, 60.0);
INSERT INTO Order_Items (item_id, order_id, inventory_id, quantity, unit_price) VALUES ('f785ed7e-3f7d-45c7-a22b-2754312aabff', '0e446d2b-be57-432b-a43d-4a0c092e92dd', 'a89fdeba-257c-4e4b-b2d0-54161e969810', 1, 55.0);
INSERT INTO Order_Items (item_id, order_id, inventory_id, quantity, unit_price) VALUES ('7d452b65-bed0-47a3-bfac-f6b027e4ffcb', 'f4fba00e-7ea9-4257-93a2-f3d62da35d40', '072a100b-61c4-4dbe-bb96-1f7fbf9287ec', 2, 30.0);
INSERT INTO Order_Items (item_id, order_id, inventory_id, quantity, unit_price) VALUES ('6a2bc5fd-4a09-46d0-a47c-5f585bc93462', '6614407c-f9cd-4405-a9a8-c9aded7fc562', '075f8ccb-ef87-4819-a73a-af452cb74ad3', 3, 25.0);
INSERT INTO Order_Items (item_id, order_id, inventory_id, quantity, unit_price) VALUES ('59932331-0d06-4efb-b7ef-276479d3387f', '06020d50-4b8c-4861-b879-70a2be3d20b8', '5f277c80-5c4c-404b-a556-7401bdc7819c', 2, 1200.0);
INSERT INTO Order_Items (item_id, order_id, inventory_id, quantity, unit_price) VALUES ('d4865376-e3f4-4493-85c8-c70d39958b96', '28079986-e01e-49e7-830f-61d7b6469f83', 'f6816e2a-07b7-4a90-81e2-7ebf070e8442', 4, 5.0);
INSERT INTO Order_Items (item_id, order_id, inventory_id, quantity, unit_price) VALUES ('abeb3dc4-cca9-4b8b-92b6-afd51593fd93', '89e1d4c2-8bcf-42e0-a882-8f919a9742e1', '98bcdc7d-a566-4e5e-b035-be453229c3a4', 4, 75.0);
INSERT INTO Order_Items (item_id, order_id, inventory_id, quantity, unit_price) VALUES ('19321caa-2699-4d09-a472-2ae6e41d1186', '5a651ba3-095c-487f-aea1-4a182a92924b', '53d033c9-8561-4d81-968c-fa0414eaab58', 4, 70.0);
INSERT INTO Order_Items (item_id, order_id, inventory_id, quantity, unit_price) VALUES ('cdf3d82b-ce76-479e-bb6d-d6b8fdf795db', '4164ed49-04e2-463b-aa4a-4374e2dd7260', 'e643d031-bd5f-4164-a23a-c7bb941e5133', 4, 40.0);
INSERT INTO Order_Items (item_id, order_id, inventory_id, quantity, unit_price) VALUES ('8075ddd8-392f-49f6-866c-b7113e1b7280', '8dcf7d68-d399-40cc-9f27-eb3fb72624b7', '5063ed9b-8a07-4aec-8859-6d5b85b00a68', 4, 15.5);
INSERT INTO Order_Items (item_id, order_id, inventory_id, quantity, unit_price) VALUES ('18ed0bc4-3031-48d4-930d-56b339c6cdd6', 'b51b8d73-cb6c-421f-95f3-18be225c3eb6', '022ffd50-735a-4a99-8d1d-777257004eb9', 1, 85.0);
INSERT INTO Order_Items (item_id, order_id, inventory_id, quantity, unit_price) VALUES ('793fc51c-4a4b-4555-b2c4-b402276114e5', 'f9bb938f-c870-4b1a-b93d-8eb3a9bcebce', '936fb2f4-c7ba-4bc5-959e-459fa731bd2c', 3, 45.0);
INSERT INTO Order_Items (item_id, order_id, inventory_id, quantity, unit_price) VALUES ('75be6e8c-288a-46af-8d6d-a499499db149', 'a7666868-fbf3-4f62-bcd8-48b26a599bdd', '5dc56478-8d23-4c99-952e-e0c17a904c4b', 2, 60.0);
INSERT INTO Order_Items (item_id, order_id, inventory_id, quantity, unit_price) VALUES ('a1b8b230-1c4b-4903-864e-9d208492f561', '1cb2ff19-4587-435d-b922-acbbb3d379a1', 'a89fdeba-257c-4e4b-b2d0-54161e969810', 4, 55.0);
INSERT INTO Order_Items (item_id, order_id, inventory_id, quantity, unit_price) VALUES ('5275d230-9c46-43ca-8a2a-a0bf20343b44', '50b2e8fc-b7cc-4226-ae9a-2382d8ab0aee', '072a100b-61c4-4dbe-bb96-1f7fbf9287ec', 3, 30.0);
INSERT INTO Order_Items (item_id, order_id, inventory_id, quantity, unit_price) VALUES ('4b0d2e29-9ac0-4bc6-8198-d7a173a7648d', '77dec214-efb6-4b8e-8ad1-bd658a64d189', '075f8ccb-ef87-4819-a73a-af452cb74ad3', 4, 25.0);
INSERT INTO Order_Items (item_id, order_id, inventory_id, quantity, unit_price) VALUES ('ec91958a-c082-4ac8-b8c2-9107d4774046', 'beb962a6-140f-4073-b3f9-db41866a6908', '5f277c80-5c4c-404b-a556-7401bdc7819c', 3, 1200.0);
INSERT INTO Order_Items (item_id, order_id, inventory_id, quantity, unit_price) VALUES ('6c653190-ae36-48fc-8ae1-024776cca73b', '68cab166-4b8d-4d59-8b5b-a42d8a9ba8d7', 'f6816e2a-07b7-4a90-81e2-7ebf070e8442', 4, 5.0);
INSERT INTO Order_Items (item_id, order_id, inventory_id, quantity, unit_price) VALUES ('57c57767-cd07-47ab-acdb-e5b03f3c2f5f', '4a64bbe4-5254-4c29-a810-6aef57939542', '98bcdc7d-a566-4e5e-b035-be453229c3a4', 1, 75.0);
INSERT INTO Order_Items (item_id, order_id, inventory_id, quantity, unit_price) VALUES ('9173285a-7f9c-48cd-9084-fea9c7282720', '7c87095f-157d-4977-a62e-1a3a2eaad8a6', '53d033c9-8561-4d81-968c-fa0414eaab58', 1, 70.0);
INSERT INTO Order_Items (item_id, order_id, inventory_id, quantity, unit_price) VALUES ('91dce536-33af-4223-a447-a67d8b29da1d', '0b1416b3-bfbd-477e-8a31-26940f29870e', 'e643d031-bd5f-4164-a23a-c7bb941e5133', 4, 40.0);
INSERT INTO Order_Items (item_id, order_id, inventory_id, quantity, unit_price) VALUES ('a39a1ed7-8fc8-44fb-8b9a-72b7b437f156', '328c02c1-e4e5-42fc-a9e2-7f02dfca0bbb', '5063ed9b-8a07-4aec-8859-6d5b85b00a68', 1, 15.5);
INSERT INTO Order_Items (item_id, order_id, inventory_id, quantity, unit_price) VALUES ('27cc1385-c398-4586-baa1-e5a8d99cf139', '72d6f186-c8af-48cb-adf3-07972bf45d8e', '022ffd50-735a-4a99-8d1d-777257004eb9', 3, 85.0);
INSERT INTO Order_Items (item_id, order_id, inventory_id, quantity, unit_price) VALUES ('533d27f2-2021-479d-aa55-9b104bddc5a2', '5a77ce52-2cbb-4b2b-8272-6d592169697f', '936fb2f4-c7ba-4bc5-959e-459fa731bd2c', 1, 45.0);
INSERT INTO Order_Items (item_id, order_id, inventory_id, quantity, unit_price) VALUES ('59b76d7c-d3bf-48c4-9da6-3ce3799fa0b1', 'a28e071e-d9f3-45a3-92db-5bcc2c44315a', '5dc56478-8d23-4c99-952e-e0c17a904c4b', 2, 60.0);
INSERT INTO Order_Items (item_id, order_id, inventory_id, quantity, unit_price) VALUES ('97935768-9100-43fd-84de-1af559f3191d', '88842473-c17e-4f69-a83a-5876a16a8517', 'a89fdeba-257c-4e4b-b2d0-54161e969810', 4, 55.0);
INSERT INTO Order_Items (item_id, order_id, inventory_id, quantity, unit_price) VALUES ('ece2c349-1912-434e-b78c-98591cd7fb67', '56aff274-f6f9-4c9d-be27-325e92a2a328', '072a100b-61c4-4dbe-bb96-1f7fbf9287ec', 4, 30.0);

-- RISK_SCORES
INSERT INTO Risk_Scores (score_id, patient_id, heart_score, cardio_score, kidney_score, overall_score) VALUES ('1d731ee0-1c4c-473a-bc7e-412c4f28eb4a', '972dfdf5-0d52-4b3c-81ac-29bc82f21b94', 82.2, 34.9, 71.13, 62.74);
INSERT INTO Risk_Scores (score_id, patient_id, heart_score, cardio_score, kidney_score, overall_score) VALUES ('e5202ffb-1e86-4403-bc9c-b12926e624aa', '4a571b4b-7ef1-4d80-b58b-09f1fb9fa234', 80.18, 82.13, 74.61, 78.97);
INSERT INTO Risk_Scores (score_id, patient_id, heart_score, cardio_score, kidney_score, overall_score) VALUES ('16c3494c-213e-4e59-9b81-80a7588da7ad', '6cd76da7-f8b3-4e6f-a3b1-8a92320fb88b', 65.51, 60.89, 78.41, 68.27);
INSERT INTO Risk_Scores (score_id, patient_id, heart_score, cardio_score, kidney_score, overall_score) VALUES ('45c127f4-1b48-4ba1-a4d7-296ed6895b42', 'b79a2fed-bd55-4f0c-a139-30a267738ea6', 73.28, 72.91, 72.43, 72.87);
INSERT INTO Risk_Scores (score_id, patient_id, heart_score, cardio_score, kidney_score, overall_score) VALUES ('ad687fcf-2c7c-4cb3-b31e-89f4d48e9a90', 'bbba3c8e-f4fe-435a-87a8-131467ecf074', 83.5, 36.96, 82.5, 67.65);
INSERT INTO Risk_Scores (score_id, patient_id, heart_score, cardio_score, kidney_score, overall_score) VALUES ('60a0017a-b52e-46e5-8dab-d3403755f38e', 'ff1e6f8b-22ab-4e6c-8683-fb337e45e692', 60.22, 37.12, 83.84, 60.39);
INSERT INTO Risk_Scores (score_id, patient_id, heart_score, cardio_score, kidney_score, overall_score) VALUES ('c49cdd99-6550-427f-b6e7-050ccec2b56a', 'b746a18f-96f4-4add-8a2b-f05a8dae0de5', 88.31, 27.89, 87.06, 67.75);
INSERT INTO Risk_Scores (score_id, patient_id, heart_score, cardio_score, kidney_score, overall_score) VALUES ('07e97ca6-b12c-482a-b83b-f8695ef5f247', 'd29f997d-f444-4189-986a-5b466dd31bf6', 71.7, 73.02, 73.24, 72.65);
INSERT INTO Risk_Scores (score_id, patient_id, heart_score, cardio_score, kidney_score, overall_score) VALUES ('67e51ade-1c87-4a12-85d1-84a68abbb19b', 'a5678c4c-06e3-4861-a3e9-77ae3b1f1ceb', 84.04, 39.55, 75.24, 66.28);
INSERT INTO Risk_Scores (score_id, patient_id, heart_score, cardio_score, kidney_score, overall_score) VALUES ('eb09f5fd-4f52-4a2a-aad0-125c9d3675ea', '4c9b87de-155a-4d1c-98cd-43b48e702c0b', 67.81, 37.92, 78.3, 61.34);
INSERT INTO Risk_Scores (score_id, patient_id, heart_score, cardio_score, kidney_score, overall_score) VALUES ('5c39bb53-12fe-450e-9230-c2225ac343c3', '94edcc93-81bd-44eb-b639-b4dc4c18985f', 87.72, 39.45, 75.62, 67.6);
INSERT INTO Risk_Scores (score_id, patient_id, heart_score, cardio_score, kidney_score, overall_score) VALUES ('4fe4a493-bfd3-46f9-916d-f16296bb882b', '8033e9b9-2168-4e7e-bb2d-29c4c8917758', 71.01, 37.94, 88.68, 65.88);
INSERT INTO Risk_Scores (score_id, patient_id, heart_score, cardio_score, kidney_score, overall_score) VALUES ('005698c3-2c58-426e-a2f3-17f4ce491af9', 'ff601e67-bafc-440c-8c73-7c8915c191ba', 71.79, 28.32, 74.75, 58.29);
INSERT INTO Risk_Scores (score_id, patient_id, heart_score, cardio_score, kidney_score, overall_score) VALUES ('c178a030-9003-46ee-949e-c21f8b608ed8', '4bef37f2-0b3f-47ae-90fc-b56a6e0a00a8', 77.31, 36.05, 76.78, 63.38);
INSERT INTO Risk_Scores (score_id, patient_id, heart_score, cardio_score, kidney_score, overall_score) VALUES ('4efb53ad-28a4-4466-845b-bb9e701a0d79', '5d841636-d7bd-4b7e-8c41-37f60f40829e', 81.32, 32.56, 83.08, 65.65);
INSERT INTO Risk_Scores (score_id, patient_id, heart_score, cardio_score, kidney_score, overall_score) VALUES ('27b122d4-73c4-4aa0-bcb5-6fa9aad2bdb6', '42d3bb78-c95e-4d9c-9733-5fc36464fb9c', 65.04, 60.0, 85.8, 70.28);
INSERT INTO Risk_Scores (score_id, patient_id, heart_score, cardio_score, kidney_score, overall_score) VALUES ('b423b6df-595d-4e7e-8593-2e8aa928f0a3', '7bfcaaf7-11ee-48ac-a200-36ad00917e94', 70.33, 37.05, 74.84, 60.74);
INSERT INTO Risk_Scores (score_id, patient_id, heart_score, cardio_score, kidney_score, overall_score) VALUES ('8fe27930-2b8e-4b33-a636-f7be08deaaa1', 'acc49050-5202-4658-8eca-ff1c3dea614d', 75.93, 38.52, 84.4, 66.28);
INSERT INTO Risk_Scores (score_id, patient_id, heart_score, cardio_score, kidney_score, overall_score) VALUES ('d14cb8e0-21cf-4585-a093-aae282490e23', '7ceaa361-a0fb-4a53-817b-72997764d716', 63.13, 30.72, 74.91, 56.25);
INSERT INTO Risk_Scores (score_id, patient_id, heart_score, cardio_score, kidney_score, overall_score) VALUES ('6b5ee300-955c-4ac1-82a5-820f88cd677c', 'bb3c2c46-bc7e-4f46-be52-aeea4828421b', 79.65, 24.85, 71.36, 58.62);
INSERT INTO Risk_Scores (score_id, patient_id, heart_score, cardio_score, kidney_score, overall_score) VALUES ('ede83d69-163a-4db8-b3cf-cdc4226588ec', '656489c7-760f-48c7-a969-4c582503a82f', 77.8, 33.3, 75.82, 62.31);
INSERT INTO Risk_Scores (score_id, patient_id, heart_score, cardio_score, kidney_score, overall_score) VALUES ('880714d9-ff89-4a78-b719-cf0154edc50a', 'ac646555-29b8-4022-85ad-fdf6504cae91', 81.91, 21.32, 79.01, 60.75);
INSERT INTO Risk_Scores (score_id, patient_id, heart_score, cardio_score, kidney_score, overall_score) VALUES ('51de97a7-98bd-435e-9de3-c105d243c6e3', '9bd2a431-28bb-473d-b9e5-009d606b81df', 60.16, 75.22, 71.91, 69.1);
INSERT INTO Risk_Scores (score_id, patient_id, heart_score, cardio_score, kidney_score, overall_score) VALUES ('54e0a0bc-461d-410f-a0ad-84f81177c6e7', 'dafe744a-553b-42e8-b8b5-50d1cc6fd5cc', 65.77, 27.19, 87.9, 60.29);
INSERT INTO Risk_Scores (score_id, patient_id, heart_score, cardio_score, kidney_score, overall_score) VALUES ('1c3081fd-116f-4a23-9a30-b6446c07fec6', 'b006e91c-67ff-49a3-8bdb-cd669e7332cc', 88.05, 63.99, 78.78, 76.94);
INSERT INTO Risk_Scores (score_id, patient_id, heart_score, cardio_score, kidney_score, overall_score) VALUES ('dac23e3c-dfd8-4c8e-b5f3-95866875730e', '36fa558c-6ef8-40ef-b212-39fd71b33391', 71.96, 20.65, 79.24, 57.28);
INSERT INTO Risk_Scores (score_id, patient_id, heart_score, cardio_score, kidney_score, overall_score) VALUES ('7c65660a-48b8-4ca1-afd7-ede3b8441918', '254aa817-06c1-49a6-a955-0e0fd4a1bdb6', 73.63, 30.63, 76.46, 60.24);
INSERT INTO Risk_Scores (score_id, patient_id, heart_score, cardio_score, kidney_score, overall_score) VALUES ('9adfd287-791a-4cd8-a642-781827fc83a8', '64a6f1c8-5200-454a-a835-3bdabb6cdfca', 69.64, 20.92, 71.1, 53.89);
INSERT INTO Risk_Scores (score_id, patient_id, heart_score, cardio_score, kidney_score, overall_score) VALUES ('824c607c-cbed-4c2e-ba60-2fbaf51c2d75', '9192bec5-25e6-4e74-b4aa-4d975fb0958b', 79.31, 24.64, 88.87, 64.27);
INSERT INTO Risk_Scores (score_id, patient_id, heart_score, cardio_score, kidney_score, overall_score) VALUES ('37c151b3-6e02-47b2-bb67-e2758a7a90be', 'ca6af871-a9a6-49e2-bebc-85fe7d86a668', 72.89, 20.95, 84.01, 59.28);

SET FOREIGN_KEY_CHECKS = 1;

-- Verify row counts
SELECT 'Hospitals' AS tbl, COUNT(*) AS num_rows FROM Hospitals;
SELECT 'Doctors' AS tbl, COUNT(*) AS num_rows FROM Doctors;
SELECT 'Patients' AS tbl, COUNT(*) AS num_rows FROM Patients;
SELECT 'Diseases' AS tbl, COUNT(*) AS num_rows FROM Diseases;
SELECT 'Symptoms' AS tbl, COUNT(*) AS num_rows FROM Symptoms;
SELECT 'Appointments' AS tbl, COUNT(*) AS num_rows FROM Appointments;
SELECT 'Patient_Diseases' AS tbl, COUNT(*) AS num_rows FROM Patient_Diseases;
SELECT 'Patient_Symptoms' AS tbl, COUNT(*) AS num_rows FROM Patient_Symptoms;
SELECT 'Heart_Data' AS tbl, COUNT(*) AS num_rows FROM Heart_Data;
SELECT 'Cardio_Data' AS tbl, COUNT(*) AS num_rows FROM Cardio_Data;
SELECT 'Kidney_Data' AS tbl, COUNT(*) AS num_rows FROM Kidney_Data;
SELECT 'Medications' AS tbl, COUNT(*) AS num_rows FROM Medications;
SELECT 'Disease_Medications' AS tbl, COUNT(*) AS num_rows FROM Disease_Medications;
SELECT 'Vendors' AS tbl, COUNT(*) AS num_rows FROM Vendors;
SELECT 'Inventory' AS tbl, COUNT(*) AS num_rows FROM Inventory;
SELECT 'Orders' AS tbl, COUNT(*) AS num_rows FROM Orders;
SELECT 'Order_Items' AS tbl, COUNT(*) AS num_rows FROM Order_Items;
SELECT 'Risk_Scores' AS tbl, COUNT(*) AS num_rows FROM Risk_Scores;